,Type,MunicipalityCode,Prefecture,Municipality,DistrictName,TradePrice,FloorPlan,Area,BuildingYear,Structure,Use,Purpose,CityPlanning,CoverageRatio,FloorAreaRatio,Period,Renovation,Region,LandShape,Frontage,Direction,Classification,Breadth,TotalFloorArea,PricePerUnit,UnitPrice,Remarks
0,中古マンション等,13120,東京都,練馬区,旭丘,32000000,２ＬＤＫ,60,昭和47年,ＳＲＣ,住宅,住宅,第１種中高層住居専用地域,60,200,2020年第２四半期,未改装,,,,,,,,,,
1,中古マンション等,13120,東京都,練馬区,旭丘,19000000,１Ｋ,20,平成18年,ＲＣ,住宅,住宅,第１種中高層住居専用地域,60,200,2020年第２四半期,,,,,,,,,,,
2,中古マンション等,13120,東京都,練馬区,旭丘,19000000,１Ｋ,20,平成18年,ＲＣ,住宅,住宅,第１種中高層住居専用地域,60,200,2020年第１四半期,未改装,,,,,,,,,,
3,中古マンション等,13120,東京都,練馬区,旭丘,18000000,１Ｋ,20,平成18年,ＲＣ,住宅,住宅,第１種中高層住居専用地域,60,200,2020年第１四半期,未改装,,,,,,,,,,
4,中古マンション等,13120,東京都,練馬区,旭丘,48000000,３ＬＤＫ,65,平成13年,ＲＣ,住宅,住宅,近隣商業地域,80,400,2020年第１四半期,改装済,,,,,,,,,,
5,中古マンション等,13120,東京都,練馬区,旭丘,27000000,２ＤＫ,40,平成10年,ＳＲＣ,住宅,住宅,商業地域,80,500,2020年第１四半期,未改装,,,,,,,,,,
6,中古マンション等,13120,東京都,練馬区,旭丘,50000000,,65,平成22年,ＲＣ,住宅,,近隣商業地域,80,400,2020年第１四半期,未改装,,,,,,,,,,
7,中古マンション等,13120,東京都,練馬区,旭町,38000000,３ＬＤＫ,65,平成7年,ＲＣ,住宅,住宅,第１種中高層住居専用地域,60,200,2020年第２四半期,改装済,,,,,,,,,,
8,宅地(土地と建物),13120,東京都,練馬区,旭町,65000000,,185,昭和44年,木造,住宅,住宅,第１種低層住居専用地域,50,100,2020年第１四半期,,住宅地,ほぼ長方形,10.0,東,私道,4.0,,,,
9,宅地(土地と建物),13120,東京都,練馬区,旭町,50000000,,85,令和2年,木造,住宅,住宅,第１種低層住居専用地域,50,100,2020年第１四半期,,住宅地,長方形,5.0,北,区道,4.0,85,,,
10,宅地(土地),13120,東京都,練馬区,旭町,35000000,,125,,,,住宅,第１種低層住居専用地域,50,100,2020年第１四半期,,住宅地,不整形,,西,私道,4.0,,930000,280000,
11,宅地(土地),13120,東京都,練馬区,旭町,60000000,,110,,,,住宅,第１種中高層住居専用地域,60,200,2020年第１四半期,,住宅地,不整形,9.0,北,区道,6.0,,1800000,550000,
12,中古マンション等,13120,東京都,練馬区,旭町,38000000,３ＬＤＫ,60,平成8年,ＲＣ,住宅,住宅,第１種中高層住居専用地域,60,200,2020年第１四半期,未改装,,,,,,,,,,
13,宅地(土地と建物),13120,東京都,練馬区,旭町,37000000,,90,平成15年,木造,住宅,住宅,第１種低層住居専用地域,50,100,2020年第１四半期,,住宅地,長方形,7.3,北西,区道,5.0,85,,,
14,宅地(土地と建物),13120,東京都,練馬区,旭町,60000000,,135,平成9年,木造,住宅,住宅,第１種低層住居専用地域,50,100,2020年第１四半期,,住宅地,長方形,9.0,西,区道,4.0,135,,,
15,中古マンション等,13120,東京都,練馬区,旭町,32000000,３ＬＤＫ,60,平成17年,ＲＣ,住宅,住宅,近隣商業地域,80,300,2020年第１四半期,未改装,,,,,,,,,,
16,宅地(土地と建物),13120,東京都,練馬区,大泉学園町,37000000,,95,令和2年,木造,住宅,住宅,第１種低層住居専用地域,50,100,2020年第２四半期,,住宅地,ほぼ長方形,,北,私道,4.0,75,,,
17,宅地(土地と建物),13120,東京都,練馬区,大泉学園町,46000000,,115,令和2年,木造,住宅,住宅,第１種低層住居専用地域,50,100,2020年第２四半期,,住宅地,不整形,,北,私道,4.0,90,,,
18,宅地(土地),13120,東京都,練馬区,大泉学園町,230000000,,610,,,,住宅,近隣商業地域,80,300,2020年第２四半期,,商業地,長方形,36.9,東,区道,12.7,,1300000,380000,
19,宅地(土地と建物),13120,東京都,練馬区,大泉学園町,17000000,,120,平成10年,木造,住宅,住宅,第１種低層住居専用地域,50,100,2020年第２四半期,,住宅地,不整形,,東,区道,4.5,95,,,
20,宅地(土地と建物),13120,東京都,練馬区,大泉学園町,31000000,,125,昭和64年,軽量鉄骨造,住宅,住宅,第１種低層住居専用地域,50,100,2020年第１四半期,,住宅地,ほぼ長方形,12.0,西,区道,4.2,90,,,
21,宅地(土地),13120,東京都,練馬区,大泉学園町,19000000,,60,,,,住宅,第１種低層住居専用地域,50,100,2020年第１四半期,,住宅地,ほぼ長方形,6.2,北,私道,4.0,,1100000,330000,
22,宅地(土地と建物),13120,東京都,練馬区,大泉学園町,38000000,,110,平成31年,木造,住宅,住宅,第１種低層住居専用地域,50,100,2020年第１四半期,,住宅地,長方形,6.8,南東,私道,4.0,85,,,
23,宅地(土地と建物),13120,東京都,練馬区,大泉学園町,46000000,,110,平成31年,木造,住宅,住宅,第１種低層住居専用地域,50,100,2020年第１四半期,,住宅地,ほぼ台形,9.5,南,私道,5.0,90,,,
24,宅地(土地),13120,東京都,練馬区,大泉学園町,290000000,,1300,,,,,第１種低層住居専用地域,50,100,2020年第１四半期,,住宅地,不整形,,東,区道,5.7,,750000,230000,
25,宅地(土地と建物),13120,東京都,練馬区,大泉学園町,39000000,,130,平成21年,木造,住宅,住宅,第１種低層住居専用地域,50,100,2020年第１四半期,,住宅地,袋地等,,南,私道,4.5,95,,,
26,宅地(土地と建物),13120,東京都,練馬区,大泉学園町,45000000,,90,令和2年,木造,住宅,住宅,第１種低層住居専用地域,50,100,2020年第１四半期,,住宅地,ほぼ長方形,7.3,東,区道,6.0,90,,,
27,宅地(土地と建物),13120,東京都,練馬区,大泉学園町,46000000,,80,令和2年,木造,住宅,住宅,第１種中高層住居専用地域,60,200,2020年第１四半期,,住宅地,長方形,6.6,西,区道,4.0,90,,,
28,宅地(土地と建物),13120,東京都,練馬区,大泉学園町,52000000,,130,平成31年,木造,住宅,住宅,第１種低層住居専用地域,50,100,2020年第１四半期,,住宅地,長方形,11.5,西,区道,4.0,105,,,
29,宅地(土地と建物),13120,東京都,練馬区,大泉学園町,45000000,,110,平成31年,木造,住宅,住宅,第１種低層住居専用地域,50,100,2020年第１四半期,,住宅地,ほぼ正方形,10.0,北,区道,5.4,95,,,
30,宅地(土地と建物),13120,東京都,練馬区,大泉学園町,42000000,,135,令和2年,木造,住宅,住宅,第１種低層住居専用地域,50,100,2020年第１四半期,,住宅地,袋地等,3.4,西,区道,5.0,80,,,
31,宅地(土地と建物),13120,東京都,練馬区,大泉学園町,49000000,,130,令和2年,木造,住宅,住宅,第１種低層住居専用地域,50,100,2020年第１四半期,,住宅地,長方形,9.5,東,区道,5.4,100,,,
32,宅地(土地と建物),13120,東京都,練馬区,大泉学園町,49000000,,90,平成24年,木造,住宅,住宅,近隣商業地域,80,300,2020年第１四半期,,住宅地,ほぼ長方形,9.3,北,区道,6.0,90,,,
33,宅地(土地と建物),13120,東京都,練馬区,大泉学園町,60000000,,115,令和2年,木造,住宅,住宅,第１種低層住居専用地域,50,100,2020年第１四半期,,住宅地,長方形,7.6,南東,区道,6.0,95,,,
34,中古マンション等,13120,東京都,練馬区,大泉学園町,28000000,３ＬＤＫ,70,平成3年,ＲＣ,住宅,住宅,第１種低層住居専用地域,50,100,2020年第１四半期,改装済,,,,,,,,,,
35,中古マンション等,13120,東京都,練馬区,大泉学園町,28000000,３ＬＤＫ,70,平成17年,ＲＣ,,住宅,近隣商業地域,80,300,2020年第１四半期,未改装,,,,,,,,,,
36,中古マンション等,13120,東京都,練馬区,大泉学園町,24000000,３ＬＤＫ,70,平成8年,ＳＲＣ,住宅,住宅,近隣商業地域,80,300,2020年第１四半期,未改装,,,,,,,,,,
37,中古マンション等,13120,東京都,練馬区,大泉学園町,15000000,１Ｋ,30,平成19年,ＲＣ,住宅,住宅,第１種中高層住居専用地域,60,200,2020年第１四半期,未改装,,,,,,,,,,
38,宅地(土地),13120,東京都,練馬区,大泉学園町,28000000,,115,,,,住宅,第１種住居地域,60,300,2020年第２四半期,,住宅地,ほぼ正方形,10.0,南,私道,4.0,,790000,240000,
39,宅地(土地と建物),13120,東京都,練馬区,大泉町,8000000,,60,平成3年,木造,住宅,その他,第１種低層住居専用地域,50,100,2020年第２四半期,,住宅地,長方形,6.3,北西,私道,4.0,80,,,
40,宅地(土地と建物),13120,東京都,練馬区,大泉町,4500000,,50,,木造,住宅,住宅,第１種低層住居専用地域,50,100,2020年第１四半期,,住宅地,ほぼ長方形,6.0,南東,私道,4.0,,,,
41,宅地(土地と建物),13120,東京都,練馬区,大泉町,45000000,,110,令和2年,木造,住宅,住宅,第１種低層住居専用地域,50,100,2020年第１四半期,,住宅地,ほぼ台形,10.6,南東,区道,5.0,105,,,
42,宅地(土地と建物),13120,東京都,練馬区,大泉町,19000000,,105,昭和52年,木造,共同住宅,住宅,第１種低層住居専用地域,50,100,2020年第１四半期,,住宅地,ほぼ長方形,9.4,北東,私道,4.0,105,,,
43,宅地(土地と建物),13120,東京都,練馬区,大泉町,45000000,,150,平成31年,木造,住宅,住宅,第１種低層住居専用地域,50,100,2020年第１四半期,,住宅地,不整形,2.7,南,区道,5.7,95,,,
44,宅地(土地と建物),13120,東京都,練馬区,大泉町,42000000,,60,令和2年,木造,住宅,住宅,第１種低層住居専用地域,50,100,2020年第１四半期,,住宅地,台形,4.1,北,区道,4.5,75,,,
45,宅地(土地と建物),13120,東京都,練馬区,大泉町,43000000,,85,令和2年,木造,住宅,住宅,第１種低層住居専用地域,50,100,2020年第１四半期,,住宅地,袋地等,3.0,北東,道路,4.0,80,,,
46,宅地(土地と建物),13120,東京都,練馬区,大泉町,40000000,,110,平成25年,木造,住宅,住宅,第１種低層住居専用地域,50,100,2020年第２四半期,,住宅地,ほぼ長方形,9.3,西,私道,5.0,95,,,
47,宅地(土地と建物),13120,東京都,練馬区,大泉町,30000000,,85,平成31年,木造,住宅,,第１種低層住居専用地域,50,100,2020年第２四半期,,住宅地,長方形,8.6,北,私道,4.0,80,,,
48,宅地(土地と建物),13120,東京都,練馬区,大泉町,39000000,,105,令和2年,木造,住宅,住宅,第１種低層住居専用地域,50,100,2020年第２四半期,,住宅地,ほぼ台形,7.9,南西,私道,4.0,95,,,
49,宅地(土地),13120,東京都,練馬区,大泉町,22000000,,110,,,,倉庫,第１種低層住居専用地域,50,100,2020年第１四半期,,住宅地,ほぼ台形,6.7,南西,道路,6.0,,650000,200000,
50,宅地(土地と建物),13120,東京都,練馬区,大泉町,41000000,,110,平成31年,木造,住宅,住宅,第１種低層住居専用地域,50,100,2020年第１四半期,,住宅地,ほぼ長方形,8.0,南東,区道,6.0,95,,,
51,宅地(土地),13120,東京都,練馬区,春日町,96000000,,125,,,,住宅,第１種住居地域,60,200,2020年第２四半期,,住宅地,ほぼ長方形,5.3,北,区道,5.2,,2500000,760000,
52,宅地(土地と建物),13120,東京都,練馬区,春日町,11000000,,60,平成3年,木造,住宅,住宅,第１種低層住居専用地域,50,100,2020年第２四半期,,住宅地,不整形,,西,私道,2.7,75,,,
53,宅地(土地と建物),13120,東京都,練馬区,春日町,35000000,,85,昭和33年,木造,住宅,その他,第１種低層住居専用地域,50,100,2020年第２四半期,,住宅地,長方形,5.8,南,区道,4.0,75,,,
54,宅地(土地と建物),13120,東京都,練馬区,春日町,48000000,,85,令和2年,木造,住宅,住宅,第１種低層住居専用地域,50,100,2020年第２四半期,,住宅地,不整形,,西,私道,4.0,85,,,
55,宅地(土地),13120,東京都,練馬区,春日町,70000000,,155,,,,住宅,第１種住居地域,60,300,2020年第１四半期,,住宅地,ほぼ整形,13.0,西,区道,4.0,,1500000,460000,
56,宅地(土地と建物),13120,東京都,練馬区,春日町,65000000,,135,平成8年,木造,住宅,住宅,第１種低層住居専用地域,50,100,2020年第１四半期,,住宅地,ほぼ長方形,12.7,北,区道,7.3,110,,,
57,宅地(土地),13120,東京都,練馬区,春日町,40000000,,80,,,,住宅,第１種低層住居専用地域,50,100,2020年第１四半期,,住宅地,ほぼ長方形,5.2,東,区道,4.5,,1700000,500000,
58,宅地(土地と建物),13120,東京都,練馬区,春日町,130000000,,130,令和2年,木造,共同住宅,住宅,第１種住居地域,60,300,2020年第１四半期,,住宅地,ほぼ整形,14.0,北,区道,4.0,230,,,
59,宅地(土地と建物),13120,東京都,練馬区,春日町,57000000,,100,平成31年,木造,住宅,住宅,第１種低層住居専用地域,50,100,2020年第１四半期,,住宅地,ほぼ長方形,5.8,北,区道,6.0,95,,,
60,宅地(土地と建物),13120,東京都,練馬区,春日町,47000000,,85,令和2年,木造,住宅,住宅,第１種低層住居専用地域,50,100,2020年第１四半期,,住宅地,ほぼ整形,8.2,南東,道路,4.0,75,,,私道を含む取引
61,宅地(土地と建物),13120,東京都,練馬区,春日町,6000000,,60,平成3年,木造,住宅,住宅,第１種低層住居専用地域,50,100,2020年第１四半期,,住宅地,袋地等,,西,私道,2.7,75,,,
62,宅地(土地と建物),13120,東京都,練馬区,春日町,53000000,,80,令和2年,木造,住宅,住宅,第１種住居地域,60,200,2020年第１四半期,,住宅地,ほぼ長方形,7.2,北東,区道,4.5,90,,,
63,宅地(土地と建物),13120,東京都,練馬区,春日町,59000000,,100,平成31年,木造,住宅,住宅,第１種低層住居専用地域,50,100,2020年第１四半期,,住宅地,長方形,5.8,北西,区道,6.0,95,,,
64,宅地(土地),13120,東京都,練馬区,春日町,12000000,,35,,,,住宅,第１種住居地域,60,300,2020年第１四半期,,住宅地,ほぼ長方形,4.1,西,区道,7.3,,1100000,340000,
65,宅地(土地と建物),13120,東京都,練馬区,春日町,99000000,,120,令和2年,木造,住宅,住宅,第１種低層住居専用地域,50,100,2020年第１四半期,,住宅地,ほぼ長方形,5.2,北,区道,6.0,115,,,
66,宅地(土地),13120,東京都,練馬区,春日町,160000000,,680,,,,住宅,第１種低層住居専用地域,50,100,2020年第１四半期,,住宅地,不整形,18.1,東,区道,6.0,,760000,230000,
67,宅地(土地),13120,東京都,練馬区,春日町,41000000,,75,,,,住宅,第１種住居地域,60,200,2020年第１四半期,,住宅地,ほぼ長方形,8.0,北,区道,5.6,,1800000,540000,
68,宅地(土地と建物),13120,東京都,練馬区,春日町,75000000,,110,令和2年,木造,住宅,住宅,第１種低層住居専用地域,50,100,2020年第１四半期,,住宅地,ほぼ長方形,8.5,北,区道,5.0,105,,,
69,中古マンション等,13120,東京都,練馬区,春日町,60000000,２ＬＤＫ,65,平成8年,ＳＲＣ,,住宅,近隣商業地域,80,400,2020年第１四半期,改装済,,,,,,,,,,
70,宅地(土地と建物),13120,東京都,練馬区,春日町,45000000,,100,平成2年,木造,住宅,住宅,第１種低層住居専用地域,50,100,2020年第２四半期,,住宅地,袋地等,3.0,南西,区道,4.0,85,,,
71,宅地(土地と建物),13120,東京都,練馬区,春日町,53000000,,100,平成31年,木造,住宅,住宅,第１種低層住居専用地域,50,100,2020年第２四半期,,住宅地,ほぼ整形,5.8,南西,私道,4.0,95,,,
72,宅地(土地),13120,東京都,練馬区,春日町,45000000,,85,,,,住宅,第１種低層住居専用地域,50,100,2020年第１四半期,,住宅地,ほぼ長方形,7.0,北,区道,4.0,,1700000,520000,
73,宅地(土地と建物),13120,東京都,練馬区,春日町,70000000,,105,令和2年,木造,住宅,事務所,第１種低層住居専用地域,50,100,2020年第１四半期,,住宅地,ほぼ長方形,5.7,南,区道,4.0,100,,,
74,宅地(土地と建物),13120,東京都,練馬区,春日町,59000000,,100,平成31年,木造,住宅,住宅,第１種低層住居専用地域,50,100,2020年第１四半期,,住宅地,ほぼ長方形,5.1,西,私道,3.9,95,,,
75,宅地(土地と建物),13120,東京都,練馬区,春日町,40000000,,100,平成10年,木造,住宅,住宅,第１種低層住居専用地域,50,100,2020年第１四半期,,住宅地,ほぼ長方形,10.8,北,区道,5.0,95,,,
76,宅地(土地と建物),13120,東京都,練馬区,春日町,56000000,,100,平成31年,木造,住宅,住宅,第１種低層住居専用地域,50,100,2020年第１四半期,,住宅地,ほぼ整形,6.9,西,私道,4.0,95,,,
77,宅地(土地と建物),13120,東京都,練馬区,春日町,27000000,,90,昭和58年,木造,住宅,住宅,第１種低層住居専用地域,50,100,2020年第１四半期,,住宅地,長方形,5.3,南,私道,4.2,90,,,
78,中古マンション等,13120,東京都,練馬区,上石神井,21000000,,20,,ＲＣ,,住宅,近隣商業地域,80,400,2020年第２四半期,,,,,,,,,,,
79,中古マンション等,13120,東京都,練馬区,上石神井,26000000,１Ｋ,25,令和2年,ＲＣ,住宅,住宅,近隣商業地域,80,300,2020年第２四半期,未改装,,,,,,,,,,
80,中古マンション等,13120,東京都,練馬区,上石神井,27000000,１Ｋ,25,令和2年,ＲＣ,住宅,住宅,第１種住居地域,60,200,2020年第２四半期,未改装,,,,,,,,,,
81,中古マンション等,13120,東京都,練馬区,上石神井,26000000,１Ｋ,25,令和2年,ＲＣ,住宅,,近隣商業地域,80,300,2020年第２四半期,,,,,,,,,,,
82,宅地(土地と建物),13120,東京都,練馬区,上石神井,50000000,,100,平成31年,木造,住宅,住宅,第１種低層住居専用地域,50,100,2020年第１四半期,,住宅地,ほぼ長方形,,北,私道,4.0,95,,,
83,宅地(土地),13120,東京都,練馬区,上石神井,63000000,,210,,,,,第１種中高層住居専用地域,60,150,2020年第１四半期,,住宅地,袋地等,,西,私道,4.0,,970000,290000,私道を含む取引
84,宅地(土地と建物),13120,東京都,練馬区,上石神井,53000000,,105,令和2年,木造,住宅,住宅,第１種低層住居専用地域,50,100,2020年第１四半期,,住宅地,不整形,9.0,北西,区道,5.6,90,,,私道を含む取引
85,宅地(土地),13120,東京都,練馬区,上石神井,67000000,,90,,,,住宅,第１種住居地域,60,200,2020年第１四半期,,住宅地,長方形,10.4,北,区道,7.0,,2400000,740000,
86,中古マンション等,13120,東京都,練馬区,上石神井,22000000,,20,,ＲＣ,住宅,住宅,近隣商業地域,80,400,2020年第１四半期,未改装,,,,,,,,,,
87,中古マンション等,13120,東京都,練馬区,上石神井,41000000,３ＬＤＫ,65,平成27年,ＲＣ,,住宅,第１種低層住居専用地域,50,100,2020年第１四半期,未改装,,,,,,,,,,
88,中古マンション等,13120,東京都,練馬区,上石神井,42000000,３ＬＤＫ,65,平成27年,ＲＣ,住宅,住宅,第１種低層住居専用地域,50,100,2020年第１四半期,未改装,,,,,,,,,,
89,宅地(土地),13120,東京都,練馬区,上石神井南町,170000000,,320,,,,その他,第１種住居地域,60,200,2020年第１四半期,,住宅地,ほぼ長方形,14.6,北,都道,12.7,,1700000,510000,
90,中古マンション等,13120,東京都,練馬区,北町,13000000,１Ｋ,25,平成18年,ＲＣ,住宅,住宅,近隣商業地域,80,300,2020年第２四半期,改装済,,,,,,,,,,
91,中古マンション等,13120,東京都,練馬区,北町,25000000,メゾネット,35,平成16年,ＲＣ,住宅,住宅,近隣商業地域,80,300,2020年第２四半期,,,,,,,,,,,
92,宅地(土地と建物),13120,東京都,練馬区,北町,40000000,,85,昭和61年,鉄骨造,共同住宅,住宅,第１種住居地域,60,200,2020年第１四半期,,住宅地,台形,14.0,南西,区道,6.0,190,,,隣地の購入
93,中古マンション等,13120,東京都,練馬区,北町,21000000,１Ｋ,20,平成16年,ＲＣ,住宅,住宅,近隣商業地域,80,300,2020年第１四半期,未改装,,,,,,,,,,
94,中古マンション等,13120,東京都,練馬区,北町,36000000,２ＬＤＫ,55,平成10年,ＲＣ,住宅,住宅,第１種住居地域,60,200,2020年第１四半期,改装済,,,,,,,,,,
95,中古マンション等,13120,東京都,練馬区,北町,20000000,１Ｋ,20,平成16年,ＲＣ,住宅,住宅,近隣商業地域,80,300,2020年第１四半期,未改装,,,,,,,,,,
96,宅地(土地と建物),13120,東京都,練馬区,北町,55000000,,105,平成31年,木造,住宅,住宅,第１種低層住居専用地域,50,100,2020年第１四半期,,住宅地,袋地等,2.7,北,区道,4.5,90,,,
97,宅地(土地と建物),13120,東京都,練馬区,北町,60000000,,100,平成31年,木造,住宅,住宅,第１種低層住居専用地域,50,100,2020年第１四半期,,住宅地,ほぼ正方形,10.3,南,区道,3.5,95,,,
98,宅地(土地と建物),13120,東京都,練馬区,北町,48000000,,100,,鉄骨造,事務所,,準工業地域,60,300,2020年第１四半期,,住宅地,ほぼ長方形,9.8,北,区道,3.4,165,,,
99,宅地(土地と建物),13120,東京都,練馬区,北町,59000000,,95,平成31年,木造,住宅,住宅,第１種低層住居専用地域,50,100,2020年第１四半期,,住宅地,ほぼ長方形,5.0,北,区道,4.3,90,,,
100,中古マンション等,13120,東京都,練馬区,北町,17000000,１Ｋ,20,平成20年,ＲＣ,住宅,住宅,準工業地域,60,300,2020年第２四半期,,,,,,,,,,,
101,中古マンション等,13120,東京都,練馬区,北町,8600000,１Ｋ,15,昭和63年,ＲＣ,住宅,住宅,準工業地域,60,200,2020年第２四半期,,,,,,,,,,,
102,宅地(土地と建物),13120,東京都,練馬区,北町,55000000,,80,平成24年,木造,住宅,住宅,準工業地域,60,200,2020年第１四半期,,住宅地,不整形,7.1,北西,区道,5.0,90,,,
103,宅地(土地と建物),13120,東京都,練馬区,北町,30000000,,60,平成29年,木造,住宅,住宅,第１種低層住居専用地域,60,150,2020年第１四半期,,住宅地,不整形,,南東,私道,4.0,65,,,
104,宅地(土地と建物),13120,東京都,練馬区,北町,150000000,,460,昭和53年,鉄骨造,共同住宅、工場、事務所,住宅,準工業地域,60,200,2020年第１四半期,,住宅地,ほぼ台形,14.4,北東,区道,6.0,520,,,
105,宅地(土地と建物),13120,東京都,練馬区,北町,53000000,,75,令和2年,木造,住宅,住宅,第１種低層住居専用地域,60,150,2020年第１四半期,,住宅地,ほぼ長方形,5.8,南西,私道,4.0,80,,,
106,宅地(土地),13120,東京都,練馬区,北町,30000000,,280,,,,住宅,第１種低層住居専用地域,60,150,2020年第１四半期,,住宅地,不整形,,南東,私道,4.0,,350000,110000,私道を含む取引
107,中古マンション等,13120,東京都,練馬区,北町,24000000,１ＤＫ,25,平成27年,ＲＣ,住宅,その他,準工業地域,60,300,2020年第１四半期,,,,,,,,,,,
108,中古マンション等,13120,東京都,練馬区,北町,30000000,２ＤＫ,55,平成3年,ＲＣ,住宅,住宅,準工業地域,60,200,2020年第１四半期,改装済,,,,,,,,,,
109,中古マンション等,13120,東京都,練馬区,北町,29000000,２ＬＤＫ,50,昭和62年,ＲＣ,住宅,住宅,近隣商業地域,80,300,2020年第２四半期,改装済,,,,,,,,,,
110,宅地(土地),13120,東京都,練馬区,北町,790000000,,2000㎡以上,,,,,第１種中高層住居専用地域,60,150,2020年第１四半期,,住宅地,不整形,34.0,東,都道,5.0,,1300000,380000,
111,宅地(土地),13120,東京都,練馬区,北町,46000000,,140,,,,住宅,第１種低層住居専用地域,50,100,2020年第１四半期,,住宅地,ほぼ台形,10.5,北西,区道,2.6,,1100000,330000,私道を含む取引
112,宅地(土地と建物),13120,東京都,練馬区,北町,60000000,,100,令和2年,木造,住宅,住宅,第１種中高層住居専用地域,60,200,2020年第１四半期,,住宅地,ほぼ長方形,5.6,東,区道,8.0,90,,,
113,宅地(土地と建物),13120,東京都,練馬区,北町,29000000,,100,平成27年,木造,共同住宅,住宅,第１種低層住居専用地域,60,150,2020年第１四半期,,住宅地,不整形,5.3,南西,私道,4.0,115,,,
114,中古マンション等,13120,東京都,練馬区,北町,45000000,３ＬＤＫ,60,平成7年,ＲＣ,住宅,住宅,第１種中高層住居専用地域,60,200,2020年第１四半期,改装済,,,,,,,,,,
115,宅地(土地と建物),13120,東京都,練馬区,向山,56000000,,85,令和2年,木造,住宅,住宅,第１種低層住居専用地域,50,100,2020年第２四半期,,住宅地,ほぼ長方形,8.1,北東,区道,5.4,90,,,
116,宅地(土地),13120,東京都,練馬区,向山,35000000,,50,,,,住宅,第１種中高層住居専用地域,60,200,2020年第１四半期,,住宅地,ほぼ台形,5.1,北西,区道,5.0,,2400000,730000,
117,中古マンション等,13120,東京都,練馬区,向山,8800000,１Ｋ,15,昭和59年,ＲＣ,住宅,住宅,第１種中高層住居専用地域,60,200,2020年第１四半期,,,,,,,,,,,
118,宅地(土地),13120,東京都,練馬区,小竹町,75000000,,160,,,,住宅,第１種低層住居専用地域,60,150,2020年第２四半期,,住宅地,不整形,11.7,北東,区道,3.4,,1600000,480000,
119,宅地(土地と建物),13120,東京都,練馬区,小竹町,63000000,,105,令和2年,木造,住宅,住宅,第１種低層住居専用地域,60,150,2020年第１四半期,,住宅地,不整形,3.3,南西,区道,3.3,85,,,
120,宅地(土地),13120,東京都,練馬区,小竹町,90000000,,165,,,,住宅,第１種低層住居専用地域,60,150,2020年第１四半期,,住宅地,長方形,10.0,南西,区道,3.3,,1800000,550000,
121,宅地(土地),13120,東京都,練馬区,小竹町,57000000,,110,,,,住宅,第１種低層住居専用地域,60,150,2020年第２四半期,,住宅地,袋地等,4.0,北,区道,4.0,,1700000,510000,
122,宅地(土地),13120,東京都,練馬区,小竹町,380000000,,530,,,,住宅,第１種中高層住居専用地域,60,200,2020年第１四半期,,住宅地,不整形,24.1,北,道路,4.4,,2400000,710000,
123,中古マンション等,13120,東京都,練馬区,小竹町,22000000,１Ｋ,20,平成22年,ＲＣ,住宅,住宅,第１種中高層住居専用地域,60,200,2020年第１四半期,未改装,,,,,,,,,,
124,中古マンション等,13120,東京都,練馬区,小竹町,69000000,３ＬＤＫ,65,平成28年,ＲＣ,住宅,住宅,準工業地域,60,200,2020年第１四半期,未改装,,,,,,,,,,
125,中古マンション等,13120,東京都,練馬区,小竹町,29000000,２ＬＤＫ,50,昭和61年,ＲＣ,住宅,住宅,準工業地域,60,200,2020年第１四半期,改装済,,,,,,,,,,
126,中古マンション等,13120,東京都,練馬区,栄町,51000000,３ＬＤＫ,80,昭和63年,ＲＣ,住宅,その他,第１種住居地域,60,200,2020年第２四半期,未改装,,,,,,,,,,
127,宅地(土地と建物),13120,東京都,練馬区,桜台,63000000,,140,令和2年,木造,住宅,住宅,第１種低層住居専用地域,50,100,2020年第２四半期,,住宅地,ほぼ長方形,6.9,北東,私道,4.0,105,,,
128,中古マンション等,13120,東京都,練馬区,桜台,37000000,２ＬＤＫ,55,昭和58年,ＳＲＣ,,住宅,商業地域,80,500,2020年第２四半期,改装済,,,,,,,,,,
129,中古マンション等,13120,東京都,練馬区,桜台,17000000,１Ｋ,15,平成8年,ＲＣ,住宅,住宅,商業地域,80,400,2020年第２四半期,未改装,,,,,,,,,,
130,宅地(土地),13120,東京都,練馬区,桜台,180000000,,180,,,,住宅,第１種中高層住居専用地域,60,200,2020年第１四半期,,住宅地,ほぼ長方形,9.5,西,区道,4.9,,3300000,1000000,
131,宅地(土地と建物),13120,東京都,練馬区,桜台,200000000,,220,平成16年,鉄骨造,共同住宅,住宅,近隣商業地域,80,300,2020年第１四半期,,住宅地,ほぼ整形,14.0,南,私道,4.0,360,,,
132,中古マンション等,13120,東京都,練馬区,桜台,52000000,３ＬＤＫ,65,平成14年,ＲＣ,住宅,住宅,近隣商業地域,80,300,2020年第１四半期,未改装,,,,,,,,,,
133,中古マンション等,13120,東京都,練馬区,桜台,20000000,１Ｋ,20,平成18年,ＲＣ,住宅,住宅,商業地域,80,400,2020年第１四半期,未改装,,,,,,,,,,
134,中古マンション等,13120,東京都,練馬区,桜台,20000000,１Ｋ,20,平成23年,ＲＣ,,住宅,商業地域,80,500,2020年第１四半期,未改装,,,,,,,,,,
135,中古マンション等,13120,東京都,練馬区,桜台,11000000,１Ｋ,15,昭和61年,ＲＣ,住宅,住宅,近隣商業地域,80,300,2020年第１四半期,改装済,,,,,,,,,,
136,中古マンション等,13120,東京都,練馬区,桜台,21000000,１Ｋ,20,平成18年,ＲＣ,住宅,住宅,商業地域,80,400,2020年第１四半期,,,,,,,,,,,
137,中古マンション等,13120,東京都,練馬区,桜台,15000000,１Ｋ,20,平成3年,ＳＲＣ,,その他,商業地域,80,500,2020年第１四半期,改装済,,,,,,,,,,
138,中古マンション等,13120,東京都,練馬区,桜台,14000000,１Ｋ,20,平成5年,ＲＣ,,その他,商業地域,80,400,2020年第１四半期,未改装,,,,,,,,,,
139,中古マンション等,13120,東京都,練馬区,桜台,11000000,１ＬＤＫ,20,昭和61年,ＲＣ,住宅,住宅,近隣商業地域,80,300,2020年第１四半期,未改装,,,,,,,,,,
140,中古マンション等,13120,東京都,練馬区,桜台,23000000,１Ｋ,25,平成26年,ＲＣ,,住宅,近隣商業地域,80,300,2020年第１四半期,,,,,,,,,,,
141,中古マンション等,13120,東京都,練馬区,桜台,24000000,,20,平成18年,ＲＣ,住宅,その他,商業地域,80,400,2020年第１四半期,,,,,,,,,,,
142,中古マンション等,13120,東京都,練馬区,桜台,39000000,２ＬＤＫ,50,平成24年,ＲＣ,住宅,その他,商業地域,80,500,2020年第１四半期,未改装,,,,,,,,,,
143,中古マンション等,13120,東京都,練馬区,桜台,21000000,１Ｋ,20,平成21年,ＲＣ,住宅,住宅,第１種住居地域,60,200,2020年第１四半期,未改装,,,,,,,,,,
144,宅地(土地と建物),13120,東京都,練馬区,桜台,74000000,,120,平成28年,木造,住宅,住宅,第１種低層住居専用地域,50,100,2020年第１四半期,,住宅地,不整形,,北,私道,5.0,105,,,
145,宅地(土地と建物),13120,東京都,練馬区,桜台,57000000,,90,平成31年,木造,住宅,住宅,第２種中高層住居専用地域,50,150,2020年第１四半期,,住宅地,長方形,5.6,東,区道,6.0,90,,,
146,宅地(土地と建物),13120,東京都,練馬区,桜台,50000000,,90,平成26年,木造,住宅,住宅,第１種低層住居専用地域,50,100,2020年第１四半期,,住宅地,袋地等,2.7,南,区道,6.0,85,,,
147,宅地(土地と建物),13120,東京都,練馬区,桜台,73000000,,115,平成31年,木造,住宅,住宅,第１種低層住居専用地域,50,100,2020年第１四半期,,住宅地,ほぼ台形,8.0,西,区道,5.0,100,,,
148,宅地(土地と建物),13120,東京都,練馬区,桜台,70000000,,100,平成31年,木造,住宅,住宅,第１種低層住居専用地域,,,2020年第１四半期,,住宅地,長方形,7.5,北,私道,4.5,95,,,
149,宅地(土地と建物),13120,東京都,練馬区,桜台,65000000,,75,令和2年,木造,住宅,住宅,第１種低層住居専用地域,60,150,2020年第１四半期,,住宅地,長方形,6.3,東,区道,5.0,90,,,
150,宅地(土地と建物),13120,東京都,練馬区,桜台,130000000,,160,令和2年,木造,共同住宅,住宅,第１種住居地域,60,200,2020年第１四半期,,住宅地,長方形,,北西,私道,4.2,200,,,
151,宅地(土地と建物),13120,東京都,練馬区,桜台,56000000,,90,平成22年,木造,住宅,住宅,第１種低層住居専用地域,50,100,2020年第１四半期,,住宅地,長方形,7.2,北,私道,4.0,90,,,
152,宅地(土地と建物),13120,東京都,練馬区,桜台,62000000,,110,令和2年,木造,住宅,住宅,第１種低層住居専用地域,50,100,2020年第１四半期,,住宅地,不整形,14.6,西,私道,4.0,95,,,
153,宅地(土地と建物),13120,東京都,練馬区,桜台,78000000,,110,平成31年,木造,住宅,住宅,第１種低層住居専用地域,50,100,2020年第１四半期,,住宅地,長方形,9.7,南,私道,4.5,105,,,
154,宅地(土地),13120,東京都,練馬区,下石神井,38000000,,100,,,,住宅,第１種低層住居専用地域,50,100,2020年第１四半期,,住宅地,袋地等,2.7,南,区道,3.4,,1300000,380000,私道を含む取引
155,宅地(土地と建物),13120,東京都,練馬区,下石神井,250000000,,310,平成27年,軽量鉄骨造,共同住宅,住宅,第１種低層住居専用地域,50,100,2020年第１四半期,,住宅地,ほぼ長方形,,北西,私道,4.0,370,,,
156,宅地(土地と建物),13120,東京都,練馬区,下石神井,44000000,,70,,木造,住宅,住宅,第１種低層住居専用地域,50,100,2020年第１四半期,,住宅地,ほぼ長方形,7.0,東,私道,5.0,70,,,
157,宅地(土地と建物),13120,東京都,練馬区,下石神井,68000000,,75,平成31年,木造,住宅,住宅,第１種中高層住居専用地域,60,200,2020年第１四半期,,住宅地,長方形,8.1,南東,都道,20.0,110,,,
158,宅地(土地と建物),13120,東京都,練馬区,下石神井,52000000,,95,平成31年,木造,住宅,住宅,第１種低層住居専用地域,50,100,2020年第１四半期,,住宅地,長方形,6.9,北東,私道,4.0,90,,,
159,中古マンション等,13120,東京都,練馬区,下石神井,23000000,２ＬＤＫ,50,平成7年,ＲＣ,住宅,住宅,第１種低層住居専用地域,50,100,2020年第１四半期,未改装,,,,,,,,,,
160,宅地(土地),13120,東京都,練馬区,石神井台,16000000,,50,,,,住宅,第１種低層住居専用地域,50,100,2020年第２四半期,,住宅地,長方形,4.0,南,区道,3.9,,1100000,320000,
161,宅地(土地と建物),13120,東京都,練馬区,石神井台,60000000,,100,令和2年,木造,住宅,住宅,第１種中高層住居専用地域,50,150,2020年第１四半期,,住宅地,長方形,7.9,北東,私道,4.0,100,,,
162,宅地(土地と建物),13120,東京都,練馬区,石神井台,56000000,,100,令和2年,木造,住宅,住宅,第１種中高層住居専用地域,50,150,2020年第１四半期,,住宅地,ほぼ長方形,7.5,東,私道,4.0,100,,,
163,宅地(土地と建物),13120,東京都,練馬区,石神井台,24000000,,105,平成6年,木造,住宅,住宅,第１種低層住居専用地域,50,100,2020年第１四半期,,住宅地,袋地等,,北,私道,,120,,,
164,中古マンション等,13120,東京都,練馬区,石神井台,15000000,１ＬＤＫ,50,平成3年,ＲＣ,,その他,第１種中高層住居専用地域,60,200,2020年第１四半期,未改装,,,,,,,,,,
165,宅地(土地と建物),13120,東京都,練馬区,石神井台,44000000,,135,平成10年,木造,住宅,住宅,第１種低層住居専用地域,50,100,2020年第２四半期,,住宅地,袋地等,,南,区道,5.0,120,,,
166,宅地(土地と建物),13120,東京都,練馬区,石神井台,50000000,,180,平成20年,木造,住宅,,第１種低層住居専用地域,50,100,2020年第１四半期,,住宅地,不整形,6.5,北東,区道,4.8,130,,,私道を含む取引
167,宅地(土地と建物),13120,東京都,練馬区,石神井台,53000000,,90,令和2年,木造,住宅,住宅,第１種低層住居専用地域,50,100,2020年第１四半期,,住宅地,ほぼ長方形,4.7,西,区道,5.0,85,,,
168,中古マンション等,13120,東京都,練馬区,石神井台,26000000,３ＬＤＫ,80,昭和49年,ＲＣ,住宅,その他,第１種住居地域,60,300,2020年第１四半期,未改装,,,,,,,,,,
169,中古マンション等,13120,東京都,練馬区,石神井台,39000000,３ＬＤＫ,65,平成7年,ＲＣ,住宅,住宅,第１種低層住居専用地域,50,100,2020年第１四半期,改装済,,,,,,,,,,
170,宅地(土地),13120,東京都,練馬区,石神井台,46000000,,110,,,,住宅,第１種低層住居専用地域,50,100,2020年第１四半期,,住宅地,長方形,8.2,南,区道,4.0,,1400000,420000,
171,宅地(土地と建物),13120,東京都,練馬区,石神井台,40000000,,145,昭和60年,木造,共同住宅,住宅,第１種中高層住居専用地域,60,200,2020年第２四半期,,住宅地,ほぼ台形,13.0,南,区道,6.0,155,,,
172,宅地(土地と建物),13120,東京都,練馬区,石神井台,46000000,,155,平成11年,軽量鉄骨造,住宅,住宅,第１種低層住居専用地域,50,100,2020年第１四半期,,住宅地,ほぼ台形,13.5,北,私道,4.0,90,,,
173,宅地(土地と建物),13120,東京都,練馬区,石神井台,20000000,,85,昭和55年,木造,住宅,事務所,第１種低層住居専用地域,50,150,2020年第１四半期,,住宅地,不整形,2.0,東,道路,4.0,80,,,隣地の購入、私道を含む取引
174,宅地(土地と建物),13120,東京都,練馬区,石神井台,38000000,,100,平成17年,木造,住宅,住宅,第１種低層住居専用地域,50,100,2020年第１四半期,,住宅地,袋地等,2.5,西,私道,4.5,85,,,
175,宅地(土地と建物),13120,東京都,練馬区,石神井台,48000000,,105,令和2年,木造,住宅,住宅,第１種低層住居専用地域,50,100,2020年第１四半期,,住宅地,長方形,8.7,北西,区道,6.0,100,,,
176,宅地(土地と建物),13120,東京都,練馬区,石神井台,48000000,,105,令和2年,木造,住宅,住宅,第１種低層住居専用地域,50,100,2020年第１四半期,,住宅地,不整形,3.0,西,私道,4.2,70,,,
177,宅地(土地と建物),13120,東京都,練馬区,石神井台,49000000,,105,令和2年,木造,住宅,住宅,第１種低層住居専用地域,50,100,2020年第１四半期,,住宅地,長方形,8.2,北,区道,6.0,100,,,
178,中古マンション等,13120,東京都,練馬区,石神井台,2300000,１ＤＫ,30,平成19年,ＲＣ,,住宅,第１種住居地域,60,300,2020年第１四半期,未改装,,,,,,,,,,
179,中古マンション等,13120,東京都,練馬区,石神井台,32000000,３ＬＤＫ,75,平成18年,ＲＣ,住宅,,第１種住居地域,60,300,2020年第１四半期,未改装,,,,,,,,,,
180,宅地(土地と建物),13120,東京都,練馬区,石神井町,63000000,,90,令和2年,木造,住宅,住宅,第１種低層住居専用地域,50,100,2020年第２四半期,,住宅地,長方形,6.0,東,私道,4.0,85,,,
181,宅地(土地と建物),13120,東京都,練馬区,石神井町,60000000,,90,令和2年,木造,住宅,住宅,第１種低層住居専用地域,50,100,2020年第２四半期,,住宅地,長方形,6.3,東,区道,4.0,85,,,
182,宅地(土地と建物),13120,東京都,練馬区,石神井町,48000000,,85,令和2年,木造,住宅,住宅,第１種低層住居専用地域,50,100,2020年第２四半期,,住宅地,ほぼ長方形,5.5,南西,区道,4.0,80,,,
183,中古マンション等,13120,東京都,練馬区,石神井町,90000000,３ＬＤＫ,100,平成13年,ＲＣ,,住宅,第１種中高層住居専用地域,60,200,2020年第２四半期,改装済,,,,,,,,,,
184,中古マンション等,13120,東京都,練馬区,石神井町,70000000,２ＬＤＫ,70,平成30年,ＲＣ,住宅,,近隣商業地域,80,300,2020年第２四半期,改装済,,,,,,,,,,
185,宅地(土地と建物),13120,東京都,練馬区,石神井町,64000000,,90,令和2年,木造,住宅,住宅,第１種低層住居専用地域,50,100,2020年第１四半期,,住宅地,ほぼ長方形,6.4,東,区道,4.0,85,,,
186,宅地(土地),13120,東京都,練馬区,石神井町,100000000,,160,,,,住宅,第１種低層住居専用地域,50,100,2020年第１四半期,,住宅地,ほぼ長方形,8.0,南東,区道,6.0,,2100000,640000,
187,宅地(土地と建物),13120,東京都,練馬区,石神井町,110000000,,240,平成28年,木造,住宅、その他,住宅,第１種低層住居専用地域,50,100,2020年第１四半期,,住宅地,ほぼ長方形,13.6,南,区道,5.0,230,,,
188,宅地(土地と建物),13120,東京都,練馬区,石神井町,1400000000,,660,平成31年,ＲＣ,共同住宅,住宅,第１種中高層住居専用地域,60,200,2020年第１四半期,,住宅地,ほぼ長方形,28.3,南,区道,5.0,1300,,,
189,宅地(土地と建物),13120,東京都,練馬区,石神井町,91000000,,110,平成31年,木造,住宅,住宅,第１種低層住居専用地域,50,100,2020年第１四半期,,住宅地,正方形,10.5,北,区道,4.0,100,,,
190,宅地(土地と建物),13120,東京都,練馬区,石神井町,49000000,,155,昭和61年,木造,住宅,住宅,第１種低層住居専用地域,50,100,2020年第１四半期,,住宅地,袋地等,,北,区道,4.0,135,,,
191,中古マンション等,13120,東京都,練馬区,石神井町,35000000,３ＬＤＫ,55,平成11年,ＲＣ,住宅,住宅,第１種住居地域,60,300,2020年第１四半期,改装済,,,,,,,,,,
192,中古マンション等,13120,東京都,練馬区,石神井町,30000000,１ＬＤＫ,35,平成8年,ＲＣ,,住宅,近隣商業地域,80,300,2020年第１四半期,改装済,,,,,,,,,,
193,中古マンション等,13120,東京都,練馬区,石神井町,40000000,２ＬＤＫ＋Ｓ,60,昭和56年,ＲＣ,住宅,住宅,商業地域,80,500,2020年第１四半期,改装済,,,,,,,,,,
194,中古マンション等,13120,東京都,練馬区,関町北,20000000,１Ｒ,20,平成19年,ＲＣ,住宅,その他,近隣商業地域,80,300,2020年第２四半期,未改装,,,,,,,,,,
195,宅地(土地と建物),13120,東京都,練馬区,関町北,39000000,,80,昭和60年,木造,共同住宅、店舗,住宅,第１種中高層住居専用地域,60,200,2020年第２四半期,,住宅地,長方形,5.0,南,区道,6.0,145,,,
196,宅地(土地と建物),13120,東京都,練馬区,関町北,100000000,,150,令和2年,木造,共同住宅,住宅,第１種低層住居専用地域,50,100,2020年第２四半期,,住宅地,正方形,12.4,北,区道,4.9,130,,,
197,中古マンション等,13120,東京都,練馬区,関町北,18000000,,35,平成18年,ＲＣ,,その他,近隣商業地域,80,300,2020年第２四半期,,,,,,,,,,,
198,中古マンション等,13120,東京都,練馬区,関町北,3700000,１Ｋ,15,昭和50年,ＲＣ,,住宅,第２種住居地域,60,300,2020年第２四半期,未改装,,,,,,,,,,
199,中古マンション等,13120,東京都,練馬区,関町北,14000000,１Ｋ,20,平成18年,ＲＣ,住宅,住宅,近隣商業地域,80,300,2020年第２四半期,未改装,,,,,,,,,,
200,中古マンション等,13120,東京都,練馬区,関町北,20000000,１Ｋ,20,平成23年,ＲＣ,住宅,住宅,近隣商業地域,80,400,2020年第２四半期,未改装,,,,,,,,,,
201,中古マンション等,13120,東京都,練馬区,関町北,22000000,１ＬＤＫ,35,平成15年,ＳＲＣ,住宅,住宅,近隣商業地域,80,400,2020年第２四半期,未改装,,,,,,,,,,
202,中古マンション等,13120,東京都,練馬区,関町北,28000000,３ＬＤＫ,65,平成8年,ＲＣ,住宅,住宅,第１種住居地域,60,300,2020年第２四半期,未改装,,,,,,,,,,
203,中古マンション等,13120,東京都,練馬区,関町北,18000000,１Ｋ,20,平成23年,ＲＣ,住宅,住宅,近隣商業地域,80,400,2020年第２四半期,,,,,,,,,,,
204,中古マンション等,13120,東京都,練馬区,関町北,16000000,１Ｋ,20,平成17年,ＲＣ,住宅,住宅,近隣商業地域,80,400,2020年第２四半期,未改装,,,,,,,,,,
205,中古マンション等,13120,東京都,練馬区,関町北,21000000,１Ｋ,20,平成23年,ＲＣ,住宅,住宅,近隣商業地域,80,300,2020年第２四半期,未改装,,,,,,,,,,
206,中古マンション等,13120,東京都,練馬区,関町北,22000000,１Ｋ,20,平成23年,ＲＣ,住宅,住宅,近隣商業地域,80,300,2020年第２四半期,未改装,,,,,,,,,,
207,宅地(土地と建物),13120,東京都,練馬区,関町北,3500000,,75,昭和39年,木造,住宅,その他,第１種低層住居専用地域,50,100,2020年第１四半期,,住宅地,長方形,,接面道路無,,,45,,,
208,宅地(土地と建物),13120,東京都,練馬区,関町北,320000000,,590,平成30年,木造,共同住宅,,第１種低層住居専用地域,50,100,2020年第１四半期,,住宅地,不整形,4.5,南,区道,6.0,560,,,
209,宅地(土地と建物),13120,東京都,練馬区,関町北,48000000,,130,昭和53年,ＲＣ,共同住宅,その他,第１種中高層住居専用地域,50,150,2020年第１四半期,,住宅地,正方形,11.2,南,区道,7.8,120,,,
210,宅地(土地),13120,東京都,練馬区,関町北,45000000,,95,,,,住宅,第１種低層住居専用地域,50,100,2020年第１四半期,,住宅地,ほぼ長方形,9.1,南,区道,8.0,,1600000,470000,
211,宅地(土地),13120,東京都,練馬区,関町北,44000000,,95,,,,住宅,第１種低層住居専用地域,50,100,2020年第１四半期,,住宅地,ほぼ長方形,9.1,南,区道,8.0,,1500000,460000,
212,宅地(土地と建物),13120,東京都,練馬区,関町北,18000000,,40,,木造,住宅,その他,第１種低層住居専用地域,50,100,2020年第１四半期,,住宅地,ほぼ長方形,,東,区道,4.0,40,,,
213,中古マンション等,13120,東京都,練馬区,関町北,45000000,３ＬＤＫ,70,平成12年,ＲＣ,住宅,住宅,第１種住居地域,60,300,2020年第１四半期,改装済,,,,,,,,,,
214,中古マンション等,13120,東京都,練馬区,関町北,18000000,１Ｋ,20,平成20年,ＲＣ,住宅,住宅,近隣商業地域,80,300,2020年第１四半期,未改装,,,,,,,,,,
215,中古マンション等,13120,東京都,練馬区,関町北,17000000,１Ｋ,20,平成23年,ＲＣ,住宅,住宅,近隣商業地域,80,400,2020年第１四半期,改装済,,,,,,,,,,
216,中古マンション等,13120,東京都,練馬区,関町北,51000000,３ＬＤＫ,65,平成18年,ＲＣ,住宅,住宅,第１種中高層住居専用地域,50,150,2020年第１四半期,未改装,,,,,,,,,,
217,中古マンション等,13120,東京都,練馬区,関町北,35000000,３ＬＤＫ,65,平成8年,ＲＣ,住宅,住宅,第１種住居地域,60,300,2020年第１四半期,改装済,,,,,,,,,,
218,宅地(土地と建物),13120,東京都,練馬区,関町東,44000000,,70,平成2年,ＲＣ,共同住宅,住宅,近隣商業地域,80,300,2020年第１四半期,,住宅地,ほぼ長方形,6.3,東,区道,5.4,120,,,
219,宅地(土地と建物),13120,東京都,練馬区,関町東,62000000,,115,令和2年,木造,住宅,住宅,第１種低層住居専用地域,50,100,2020年第１四半期,,住宅地,長方形,6.3,南,区道,4.0,100,,,
220,宅地(土地と建物),13120,東京都,練馬区,関町東,75000000,,210,昭和56年,鉄骨造,店舗,倉庫,近隣商業地域,80,300,2020年第１四半期,,商業地,台形,11.8,南,都道,25.0,230,,,私道を含む取引
221,宅地(土地と建物),13120,東京都,練馬区,関町東,48000000,,165,平成2年,木造,共同住宅,住宅,第１種低層住居専用地域,50,100,2020年第１四半期,,住宅地,ほぼ長方形,11.5,北,区道,4.0,150,,,
222,宅地(土地と建物),13120,東京都,練馬区,関町東,52000000,,90,平成31年,木造,住宅,住宅,第１種低層住居専用地域,50,100,2020年第１四半期,,住宅地,袋地等,12.4,西,私道,4.5,85,,,
223,宅地(土地と建物),13120,東京都,練馬区,関町東,52000000,,80,平成31年,木造,住宅,住宅,第１種低層住居専用地域,50,150,2020年第１四半期,,住宅地,ほぼ長方形,8.3,北,私道,4.5,80,,,
224,宅地(土地と建物),13120,東京都,練馬区,関町東,49000000,,110,令和2年,木造,住宅,住宅,第１種低層住居専用地域,50,100,2020年第１四半期,,住宅地,正方形,,西,私道,4.0,105,,,
225,中古マンション等,13120,東京都,練馬区,関町東,26000000,１Ｋ,20,平成31年,ＲＣ,住宅,住宅,第１種中高層住居専用地域,60,200,2020年第１四半期,未改装,,,,,,,,,,
226,宅地(土地),13120,東京都,練馬区,関町南,32000000,,90,,,,,第１種低層住居専用地域,50,100,2020年第２四半期,,住宅地,長方形,6.0,北東,私道,4.0,,1200000,350000,
227,宅地(土地と建物),13120,東京都,練馬区,関町南,120000000,,165,平成11年,軽量鉄骨造,共同住宅,,第１種低層住居専用地域,50,100,2020年第２四半期,,住宅地,長方形,8.5,南東,私道,4.0,135,,,
228,宅地(土地),13120,東京都,練馬区,関町南,48000000,,110,,,,,第１種低層住居専用地域,50,100,2020年第２四半期,,住宅地,ほぼ台形,9.4,南,区道,4.8,,1400000,430000,
229,宅地(土地と建物),13120,東京都,練馬区,関町南,1300000000,,1700,昭和57年,鉄骨造,店舗,その他,近隣商業地域,80,300,2020年第１四半期,,商業地,ほぼ長方形,48.0,南西,都道,25.0,300,,,
230,宅地(土地と建物),13120,東京都,練馬区,関町南,56000000,,110,平成31年,木造,住宅,住宅,第１種低層住居専用地域,50,100,2020年第１四半期,,住宅地,長方形,6.1,北西,区道,5.1,95,,,
231,中古マンション等,13120,東京都,練馬区,関町南,47000000,３ＬＤＫ,80,平成17年,ＲＣ,住宅,住宅,第１種中高層住居専用地域,60,200,2020年第２四半期,改装済,,,,,,,,,,
232,中古マンション等,13120,東京都,練馬区,関町南,43000000,３ＬＤＫ,80,平成17年,ＲＣ,,住宅,第１種中高層住居専用地域,60,200,2020年第２四半期,未改装,,,,,,,,,,
233,中古マンション等,13120,東京都,練馬区,関町南,30000000,３ＬＤＫ,65,昭和55年,ＳＲＣ,住宅,住宅,第１種中高層住居専用地域,60,200,2020年第２四半期,改装済,,,,,,,,,,
234,中古マンション等,13120,東京都,練馬区,関町南,18000000,２ＬＤＫ,55,昭和49年,ＲＣ,住宅,住宅,第２種中高層住居専用地域,50,200,2020年第２四半期,未改装,,,,,,,,,,
235,宅地(土地と建物),13120,東京都,練馬区,関町南,33000000,,65,昭和38年,木造,住宅,住宅,近隣商業地域,80,300,2020年第１四半期,,住宅地,ほぼ長方形,6.0,北,都道,25.0,70,,,
236,宅地(土地と建物),13120,東京都,練馬区,関町南,50000000,,80,平成31年,木造,住宅,住宅,第１種低層住居専用地域,50,100,2020年第１四半期,,住宅地,ほぼ長方形,7.8,東,区道,6.0,80,,,
237,中古マンション等,13120,東京都,練馬区,関町南,27000000,３ＬＤＫ,65,昭和55年,ＳＲＣ,住宅,住宅,第１種中高層住居専用地域,60,200,2020年第１四半期,改装済,,,,,,,,,,
238,中古マンション等,13120,東京都,練馬区,関町南,52000000,３ＬＤＫ,65,平成30年,ＲＣ,住宅,住宅,第１種低層住居専用地域,50,100,2020年第１四半期,,,,,,,,,,,
239,中古マンション等,13120,東京都,練馬区,関町南,30000000,４ＬＤＫ,90,昭和49年,ＲＣ,住宅,住宅,第２種中高層住居専用地域,50,200,2020年第１四半期,未改装,,,,,,,,,,
240,中古マンション等,13120,東京都,練馬区,関町南,25000000,２ＬＤＫ,55,平成18年,ＲＣ,住宅,住宅,近隣商業地域,80,300,2020年第１四半期,未改装,,,,,,,,,,
241,宅地(土地と建物),13120,東京都,練馬区,高野台,84000000,,110,平成31年,木造,住宅,住宅,第１種低層住居専用地域,50,100,2020年第１四半期,,住宅地,ほぼ長方形,14.1,南西,区道,6.5,95,,,
242,宅地(土地と建物),13120,東京都,練馬区,高野台,83000000,,110,平成31年,木造,住宅,住宅,第１種低層住居専用地域,50,100,2020年第１四半期,,住宅地,長方形,8.3,西,区道,6.5,100,,,
243,中古マンション等,13120,東京都,練馬区,高野台,15000000,２ＬＤＫ,45,昭和46年,ＲＣ,住宅,住宅,第１種住居地域,60,200,2020年第１四半期,未改装,,,,,,,,,,
244,中古マンション等,13120,東京都,練馬区,高野台,28000000,２ＬＤＫ,45,昭和46年,ＲＣ,住宅,住宅,第１種住居地域,60,200,2020年第１四半期,改装済,,,,,,,,,,
245,中古マンション等,13120,東京都,練馬区,高野台,15000000,１Ｋ,20,平成20年,ＲＣ,住宅,住宅,第２種住居地域,60,200,2020年第２四半期,改装済,,,,,,,,,,
246,中古マンション等,13120,東京都,練馬区,高野台,23000000,２ＬＤＫ,55,平成13年,ＲＣ,住宅,住宅,準住居地域,60,300,2020年第２四半期,未改装,,,,,,,,,,
247,中古マンション等,13120,東京都,練馬区,高野台,21000000,１Ｋ,20,平成20年,ＲＣ,,住宅,第２種住居地域,60,200,2020年第２四半期,改装済,,,,,,,,,,
248,中古マンション等,13120,東京都,練馬区,高野台,17000000,１Ｋ,20,平成24年,ＲＣ,住宅,住宅,準住居地域,60,300,2020年第２四半期,未改装,,,,,,,,,,
249,宅地(土地と建物),13120,東京都,練馬区,高野台,85000000,,110,平成31年,木造,住宅,,第１種低層住居専用地域,50,100,2020年第１四半期,,住宅地,ほぼ長方形,8.2,南,区道,5.0,100,,,
250,宅地(土地と建物),13120,東京都,練馬区,高野台,78000000,,110,平成31年,木造,住宅,住宅,第１種低層住居専用地域,50,100,2020年第１四半期,,住宅地,長方形,9.8,南西,区道,6.4,90,,,
251,宅地(土地),13120,東京都,練馬区,高野台,48000000,,135,,,,住宅,第２種住居地域,60,200,2020年第１四半期,,住宅地,不整形,6.1,東,区道,5.0,,1200000,360000,
252,中古マンション等,13120,東京都,練馬区,高野台,32000000,３ＬＤＫ,60,平成17年,ＲＣ,住宅,住宅,第２種住居地域,60,200,2020年第１四半期,未改装,,,,,,,,,,
253,中古マンション等,13120,東京都,練馬区,高野台,37000000,３ＬＤＫ,65,昭和54年,ＳＲＣ,住宅,住宅,第２種住居地域,60,200,2020年第１四半期,改装済,,,,,,,,,,
254,中古マンション等,13120,東京都,練馬区,高野台,19000000,１Ｋ,20,平成24年,ＲＣ,,住宅,第２種住居地域,60,200,2020年第１四半期,未改装,,,,,,,,,,
255,中古マンション等,13120,東京都,練馬区,高野台,22000000,３ＬＤＫ,60,平成6年,ＲＣ,住宅,その他,第１種住居地域,60,200,2020年第１四半期,未改装,,,,,,,,,,
256,中古マンション等,13120,東京都,練馬区,高野台,34000000,３ＬＤＫ,60,平成17年,ＲＣ,住宅,住宅,準住居地域,60,300,2020年第１四半期,改装済,,,,,,,,,,
257,宅地(土地と建物),13120,東京都,練馬区,高松,24000000,,50,昭和51年,木造,住宅,事務所,第１種低層住居専用地域,50,100,2020年第２四半期,,住宅地,ほぼ整形,5.5,南,私道,5.0,50,,,
258,中古マンション等,13120,東京都,練馬区,高松,38000000,４ＬＤＫ,70,平成14年,ＲＣ,住宅,住宅,第１種住居地域,60,200,2020年第２四半期,改装済,,,,,,,,,,
259,宅地(土地と建物),13120,東京都,練馬区,高松,80000000,,105,平成31年,木造,住宅,住宅,第１種低層住居専用地域,50,100,2020年第１四半期,,住宅地,ほぼ正方形,11.0,東,区道,4.5,105,,,
260,宅地(土地と建物),13120,東京都,練馬区,高松,31000000,,80,平成3年,鉄骨造,共同住宅、店舗,住宅,第１種住居地域,60,200,2020年第１四半期,,住宅地,不整形,7.7,南西,区道,11.5,160,,,
261,宅地(土地と建物),13120,東京都,練馬区,高松,30000000,,105,平成4年,軽量鉄骨造,事務所、店舗,住宅,第１種低層住居専用地域,50,100,2020年第１四半期,,住宅地,ほぼ長方形,7.5,南,区道,5.5,70,,,関係者間取引
262,宅地(土地と建物),13120,東京都,練馬区,高松,68000000,,110,平成31年,軽量鉄骨造,住宅,住宅,第１種低層住居専用地域,50,100,2020年第１四半期,,住宅地,ほぼ長方形,6.3,南,区道,6.0,105,,,
263,宅地(土地),13120,東京都,練馬区,高松,49000000,,125,,,,住宅,第１種中高層住居専用地域,60,200,2020年第１四半期,,住宅地,台形,9.4,南西,区道,13.3,,1300000,390000,
264,宅地(土地と建物),13120,東京都,練馬区,高松,24000000,,65,昭和42年,木造,住宅,住宅,第１種低層住居専用地域,50,100,2020年第１四半期,,住宅地,長方形,7.6,東,私道,4.0,80,,,
265,宅地(土地と建物),13120,東京都,練馬区,高松,29000000,,80,昭和41年,木造,住宅,住宅,第１種低層住居専用地域,50,100,2020年第１四半期,,住宅地,不整形,8.0,西,私道,4.0,60,,,
266,宅地(土地と建物),13120,東京都,練馬区,高松,50000000,,45,令和2年,木造,住宅,住宅,近隣商業地域,80,300,2020年第２四半期,,住宅地,ほぼ長方形,4.9,北,区道,10.0,80,,,
267,宅地(土地と建物),13120,東京都,練馬区,高松,34000000,,110,平成4年,木造,住宅,住宅,第１種低層住居専用地域,50,100,2020年第２四半期,,住宅地,ほぼ長方形,10.7,南,区道,4.0,110,,,
268,中古マンション等,13120,東京都,練馬区,高松,30000000,３ＬＤＫ,85,昭和57年,ＲＣ,住宅,住宅,第１種低層住居専用地域,50,100,2020年第２四半期,未改装,,,,,,,,,,
269,宅地(土地と建物),13120,東京都,練馬区,高松,15000000,,75,昭和36年,木造,住宅,住宅,第１種低層住居専用地域,50,100,2020年第１四半期,,住宅地,ほぼ整形,11.0,南,道路,4.0,85,,,
270,宅地(土地と建物),13120,東京都,練馬区,高松,61000000,,105,令和2年,木造,住宅,住宅,第１種低層住居専用地域,50,100,2020年第１四半期,,住宅地,ほぼ長方形,11.5,東,区道,4.5,100,,,
271,中古マンション等,13120,東京都,練馬区,高松,36000000,３ＬＤＫ,70,平成13年,ＲＣ,住宅,住宅,第１種住居地域,60,300,2020年第１四半期,未改装,,,,,,,,,,
272,中古マンション等,13120,東京都,練馬区,高松,33000000,２ＬＤＫ,70,平成11年,ＲＣ,住宅,住宅,第１種中高層住居専用地域,60,200,2020年第１四半期,改装済,,,,,,,,,,
273,宅地(土地と建物),13120,東京都,練馬区,田柄,46000000,,65,平成31年,木造,住宅,住宅,近隣商業地域,80,300,2020年第２四半期,,住宅地,ほぼ台形,6.0,東,都道,5.3,85,,,
274,宅地(土地と建物),13120,東京都,練馬区,田柄,40000000,,65,平成31年,木造,住宅,住宅,第１種低層住居専用地域,50,100,2020年第１四半期,,住宅地,長方形,5.1,南,区道,5.0,55,,,
275,宅地(土地と建物),13120,東京都,練馬区,田柄,65000000,,120,平成9年,木造,住宅,住宅,第１種低層住居専用地域,50,100,2020年第１四半期,,住宅地,ほぼ長方形,7.0,南,区道,6.0,105,,,
276,宅地(土地と建物),13120,東京都,練馬区,田柄,77000000,,130,平成4年,鉄骨造,住宅、事務所,事務所,第１種中高層住居専用地域,60,200,2020年第１四半期,,住宅地,ほぼ長方形,8.1,北,区道,6.0,210,,,
277,中古マンション等,13120,東京都,練馬区,田柄,21000000,１Ｋ,20,平成19年,ＲＣ,住宅,住宅,商業地域,80,400,2020年第１四半期,未改装,,,,,,,,,,
278,中古マンション等,13120,東京都,練馬区,田柄,34000000,１ＬＤＫ,40,令和2年,ＲＣ,住宅,住宅,第１種住居地域,60,300,2020年第２四半期,未改装,,,,,,,,,,
279,中古マンション等,13120,東京都,練馬区,田柄,35000000,１ＬＤＫ,40,令和2年,ＲＣ,住宅,住宅,第１種住居地域,60,300,2020年第２四半期,未改装,,,,,,,,,,
280,中古マンション等,13120,東京都,練馬区,田柄,35000000,１ＤＫ,40,令和2年,ＲＣ,住宅,住宅,第１種住居地域,60,300,2020年第２四半期,未改装,,,,,,,,,,
281,中古マンション等,13120,東京都,練馬区,田柄,36000000,１ＬＤＫ,35,令和2年,ＲＣ,住宅,住宅,第１種住居地域,60,300,2020年第２四半期,未改装,,,,,,,,,,
282,中古マンション等,13120,東京都,練馬区,田柄,45000000,３ＬＤＫ,70,平成23年,ＲＣ,住宅,住宅,第１種住居地域,60,300,2020年第２四半期,未改装,,,,,,,,,,
283,中古マンション等,13120,東京都,練馬区,田柄,38000000,１ＬＤＫ,35,令和2年,ＲＣ,住宅,住宅,第１種住居地域,60,300,2020年第２四半期,未改装,,,,,,,,,,
284,中古マンション等,13120,東京都,練馬区,田柄,38000000,１ＬＤＫ,40,令和2年,ＲＣ,住宅,住宅,第１種住居地域,60,300,2020年第２四半期,未改装,,,,,,,,,,
285,宅地(土地と建物),13120,東京都,練馬区,田柄,43000000,,60,平成31年,木造,住宅,住宅,第１種低層住居専用地域,50,100,2020年第１四半期,,住宅地,長方形,6.6,北,私道,4.0,55,,,
286,宅地(土地と建物),13120,東京都,練馬区,田柄,21000000,,90,平成11年,木造,共同住宅,住宅,第１種低層住居専用地域,50,100,2020年第１四半期,,住宅地,長方形,9.0,東,私道,2.0,85,,,
287,宅地(土地と建物),13120,東京都,練馬区,田柄,100000000,,165,昭和55年,木造,住宅,住宅,第１種中高層住居専用地域,60,200,2020年第１四半期,,住宅地,ほぼ長方形,15.5,北東,区道,8.2,165,,,
288,中古マンション等,13120,東京都,練馬区,田柄,52000000,２ＬＤＫ,70,平成24年,ＲＣ,住宅,住宅,第１種住居地域,60,200,2020年第１四半期,未改装,,,,,,,,,,
289,中古マンション等,13120,東京都,練馬区,田柄,40000000,１ＬＤＫ,40,令和2年,ＲＣ,住宅,住宅,第１種住居地域,60,300,2020年第１四半期,未改装,,,,,,,,,,
290,中古マンション等,13120,東京都,練馬区,田柄,31000000,２ＬＤＫ,60,平成23年,ＲＣ,,住宅,第１種住居地域,60,300,2020年第１四半期,未改装,,,,,,,,,,
291,中古マンション等,13120,東京都,練馬区,田柄,41000000,１ＬＤＫ,40,令和2年,ＲＣ,住宅,住宅,第１種住居地域,60,300,2020年第１四半期,,,,,,,,,,,
292,宅地(土地と建物),13120,東京都,練馬区,田柄,7500000,,80,昭和42年,木造,住宅,住宅,第１種低層住居専用地域,50,100,2020年第１四半期,,住宅地,ほぼ長方形,6.0,南,私道,3.0,65,,,
293,宅地(土地と建物),13120,東京都,練馬区,田柄,50000000,,55,令和2年,木造,住宅,住宅,第１種中高層住居専用地域,60,200,2020年第１四半期,,住宅地,ほぼ正方形,,西,区道,4.0,100,,,
294,宅地(土地と建物),13120,東京都,練馬区,田柄,18000000,,60,昭和63年,木造,住宅,住宅,第１種低層住居専用地域,50,100,2020年第１四半期,,住宅地,ほぼ長方形,9.0,東,区道,4.5,75,,,
295,宅地(土地と建物),13120,東京都,練馬区,立野町,100000000,,220,平成4年,木造,共同住宅,住宅,第１種低層住居専用地域,50,100,2020年第１四半期,,住宅地,台形,15.5,南西,区道,11.6,210,,,
296,宅地(土地と建物),13120,東京都,練馬区,立野町,610000000,,1600,平成4年,ＲＣ,共同住宅,,近隣商業地域,80,300,2020年第１四半期,,商業地,長方形,33.6,東,都道,11.0,1700,,,
297,宅地(土地と建物),13120,東京都,練馬区,立野町,67000000,,120,平成31年,木造,住宅,住宅,第１種低層住居専用地域,50,100,2020年第１四半期,,住宅地,袋地等,2.8,西,区道,6.0,90,,,
298,宅地(土地と建物),13120,東京都,練馬区,土支田,48000000,,100,令和2年,木造,住宅,住宅,第１種低層住居専用地域,50,100,2020年第１四半期,,住宅地,ほぼ長方形,6.0,南,区道,4.0,90,,,私道を含む取引
299,宅地(土地と建物),13120,東京都,練馬区,土支田,61000000,,110,令和2年,木造,住宅,住宅,第１種低層住居専用地域,50,100,2020年第２四半期,,住宅地,ほぼ整形,9.3,南西,区道,6.0,105,,,
300,宅地(土地と建物),13120,東京都,練馬区,土支田,62000000,,110,平成31年,木造,住宅,住宅,第１種低層住居専用地域,50,100,2020年第２四半期,,住宅地,ほぼ長方形,7.1,南,区道,6.0,105,,,
301,宅地(土地),13120,東京都,練馬区,土支田,53000000,,135,,,,,第１種中高層住居専用地域,60,200,2020年第２四半期,,住宅地,長方形,12.2,北東,区道,6.0,,1300000,390000,
302,宅地(土地と建物),13120,東京都,練馬区,土支田,45000000,,90,令和2年,木造,住宅,住宅,第１種低層住居専用地域,50,100,2020年第２四半期,,住宅地,ほぼ正方形,12.0,北東,区道,5.0,90,,,
303,中古マンション等,13120,東京都,練馬区,土支田,29000000,３ＬＤＫ,60,平成13年,ＲＣ,住宅,住宅,第１種住居地域,60,300,2020年第２四半期,,,,,,,,,,,
304,宅地(土地),13120,東京都,練馬区,土支田,670000000,,2000㎡以上,,,,,第１種低層住居専用地域,40,80,2020年第１四半期,,住宅地,ほぼ台形,47.0,南,区道,7.0,,830000,250000,
305,宅地(土地),13120,東京都,練馬区,土支田,29000000,,85,,,,住宅,第１種低層住居専用地域,50,100,2020年第１四半期,,住宅地,ほぼ台形,9.5,北東,区道,4.0,,1100000,350000,
306,宅地(土地と建物),13120,東京都,練馬区,土支田,33000000,,120,昭和49年,木造,住宅,住宅,第１種低層住居専用地域,40,80,2020年第１四半期,,住宅地,ほぼ長方形,,南,区道,4.0,70,,,
307,中古マンション等,13120,東京都,練馬区,豊玉上,22000000,１Ｋ,25,平成26年,ＲＣ,,住宅,準住居地域,60,300,2020年第２四半期,未改装,,,,,,,,,,
308,宅地(土地),13120,東京都,練馬区,豊玉上,130000000,,230,,,,住宅,第１種中高層住居専用地域,60,200,2020年第１四半期,,住宅地,台形,14.9,北西,区道,6.0,,1900000,570000,
309,中古マンション等,13120,東京都,練馬区,豊玉上,25000000,１Ｋ,25,平成28年,ＲＣ,住宅,住宅,準住居地域,60,300,2020年第１四半期,未改装,,,,,,,,,,
310,中古マンション等,13120,東京都,練馬区,豊玉上,8600000,１Ｒ,15,昭和63年,ＲＣ,住宅,その他,近隣商業地域,80,300,2020年第２四半期,改装済,,,,,,,,,,
311,宅地(土地と建物),13120,東京都,練馬区,豊玉北,280000000,,600,平成2年,鉄骨造,店舗,店舗,商業地域,80,400,2020年第２四半期,,商業地,長方形,22.0,南,都道,25.0,580,,,
312,中古マンション等,13120,東京都,練馬区,豊玉北,15000000,１Ｋ,20,平成10年,ＲＣ,住宅,住宅,準住居地域,60,300,2020年第２四半期,未改装,,,,,,,,,,
313,中古マンション等,13120,東京都,練馬区,豊玉北,21000000,,20,平成24年,ＲＣ,住宅,住宅,第１種住居地域,60,200,2020年第２四半期,,,,,,,,,,,
314,宅地(土地と建物),13120,東京都,練馬区,豊玉北,62000000,,65,平成31年,木造,住宅,住宅,第１種中高層住居専用地域,60,200,2020年第１四半期,,住宅地,台形,8.5,南東,区道,6.0,95,,,
315,宅地(土地と建物),13120,東京都,練馬区,豊玉北,760000000,,400,令和2年,ＲＣ,共同住宅,住宅,第１種中高層住居専用地域,60,200,2020年第１四半期,,住宅地,不整形,15.0,北,区道,8.0,860,,,
316,中古マンション等,13120,東京都,練馬区,豊玉北,23000000,１Ｋ,20,平成24年,ＲＣ,住宅,住宅,準住居地域,60,300,2020年第１四半期,,,,,,,,,,,
317,中古マンション等,13120,東京都,練馬区,豊玉北,23000000,３ＬＤＫ,75,昭和51年,ＳＲＣ,住宅,住宅,商業地域,80,400,2020年第１四半期,,,,,,,,,,,
318,宅地(土地と建物),13120,東京都,練馬区,豊玉北,6500000,,85,昭和55年,木造,住宅,住宅,第１種住居地域,60,200,2020年第２四半期,,住宅地,ほぼ長方形,,接面道路無,,,95,,,
319,中古マンション等,13120,東京都,練馬区,豊玉北,6500000,１Ｋ,20,昭和63年,ＲＣ,住宅,住宅,第１種中高層住居専用地域,50,200,2020年第２四半期,未改装,,,,,,,,,,
320,中古マンション等,13120,東京都,練馬区,豊玉北,58000000,３ＬＤＫ,70,平成24年,ＲＣ,住宅,住宅,第１種中高層住居専用地域,60,200,2020年第２四半期,改装済,,,,,,,,,,
321,中古マンション等,13120,東京都,練馬区,豊玉北,38000000,３ＬＤＫ,65,昭和49年,ＲＣ,住宅,住宅,近隣商業地域,80,300,2020年第２四半期,未改装,,,,,,,,,,
322,宅地(土地),13120,東京都,練馬区,豊玉北,71000000,,135,,,,その他,第１種中高層住居専用地域,60,200,2020年第１四半期,,住宅地,ほぼ長方形,15.8,南西,区道,6.0,,1800000,530000,
323,中古マンション等,13120,東京都,練馬区,豊玉北,31000000,１Ｋ,25,平成31年,ＲＣ,,その他,第１種中高層住居専用地域,60,200,2020年第１四半期,未改装,,,,,,,,,,
324,中古マンション等,13120,東京都,練馬区,豊玉北,31000000,２Ｋ,25,平成31年,ＲＣ,住宅,住宅,第１種中高層住居専用地域,60,200,2020年第１四半期,改装済,,,,,,,,,,
325,中古マンション等,13120,東京都,練馬区,豊玉北,4500000,２ＤＫ,35,昭和51年,ＲＣ,住宅,住宅,第１種住居地域,60,200,2020年第１四半期,未改装,,,,,,,,,,
326,中古マンション等,13120,東京都,練馬区,豊玉北,10000000,１ＬＤＫ,35,昭和45年,ＳＲＣ,住宅,住宅,近隣商業地域,80,300,2020年第１四半期,未改装,,,,,,,,,,
327,中古マンション等,13120,東京都,練馬区,豊玉北,12000000,１Ｋ,15,昭和60年,ＲＣ,住宅,その他,第１種中高層住居専用地域,60,200,2020年第１四半期,改装済,,,,,,,,,,
328,中古マンション等,13120,東京都,練馬区,豊玉北,40000000,３ＬＤＫ,60,昭和49年,ＲＣ,住宅,住宅,近隣商業地域,80,300,2020年第１四半期,改装済,,,,,,,,,,
329,宅地(土地),13120,東京都,練馬区,豊玉北,110000000,,230,,,,住宅,第１種中高層住居専用地域,60,200,2020年第２四半期,,住宅地,ほぼ正方形,15.8,東,区道,6.0,,1600000,480000,
330,中古マンション等,13120,東京都,練馬区,豊玉北,21000000,１ＤＫ,35,昭和45年,ＳＲＣ,住宅,住宅,商業地域,80,500,2020年第２四半期,改装済,,,,,,,,,,
331,中古マンション等,13120,東京都,練馬区,豊玉北,33000000,１ＬＤＫ,35,平成22年,ＲＣ,住宅,住宅,商業地域,80,500,2020年第２四半期,未改装,,,,,,,,,,
332,中古マンション等,13120,東京都,練馬区,豊玉北,23000000,１Ｋ,20,平成21年,ＲＣ,住宅,住宅,第１種住居地域,60,200,2020年第２四半期,,,,,,,,,,,
333,宅地(土地と建物),13120,東京都,練馬区,豊玉北,120000000,,85,昭和54年,ＲＣ,事務所、店舗,事務所,商業地域,80,500,2020年第１四半期,,商業地,台形,8.5,南西,都道,25.0,400,,,
334,宅地(土地と建物),13120,東京都,練馬区,豊玉北,44000000,,40,令和2年,木造,住宅,住宅,近隣商業地域,80,300,2020年第１四半期,,商業地,長方形,3.8,北,区道,6.0,75,,,
335,中古マンション等,13120,東京都,練馬区,豊玉北,24000000,１Ｋ,20,平成21年,ＲＣ,,,商業地域,80,500,2020年第１四半期,未改装,,,,,,,,,,
336,中古マンション等,13120,東京都,練馬区,豊玉北,9300000,１Ｋ,25,昭和50年,ＳＲＣ,住宅,住宅,商業地域,80,600,2020年第１四半期,未改装,,,,,,,,,,
337,中古マンション等,13120,東京都,練馬区,豊玉北,31000000,１Ｋ,25,平成31年,ＲＣ,住宅,住宅,第１種低層住居専用地域,60,200,2020年第１四半期,未改装,,,,,,,,,,
338,中古マンション等,13120,東京都,練馬区,豊玉北,19000000,１Ｋ,20,平成21年,ＲＣ,住宅,その他,第１種低層住居専用地域,60,200,2020年第１四半期,未改装,,,,,,,,,,
339,中古マンション等,13120,東京都,練馬区,豊玉北,70000000,２ＬＤＫ,80,平成13年,ＲＣ,住宅,住宅,商業地域,80,600,2020年第１四半期,未改装,,,,,,,,,,
340,中古マンション等,13120,東京都,練馬区,豊玉北,50000000,１ＬＤＫ,45,平成31年,ＲＣ,住宅,住宅,第１種低層住居専用地域,60,200,2020年第１四半期,未改装,,,,,,,,,,
341,中古マンション等,13120,東京都,練馬区,豊玉北,23000000,１Ｋ,20,平成18年,ＲＣ,住宅,住宅,商業地域,80,600,2020年第１四半期,,,,,,,,,,,
342,宅地(土地),13120,東京都,練馬区,豊玉中,86000000,,250,,,,住宅,第１種低層住居専用地域,60,150,2020年第１四半期,,住宅地,長方形,15.1,東,区道,6.0,,1100000,340000,
343,宅地(土地と建物),13120,東京都,練馬区,豊玉中,1400000000,,2000㎡以上,昭和43年,ＲＣ,共同住宅,住宅,第１種中高層住居専用地域,60,200,2020年第１四半期,,住宅地,ほぼ長方形,50.0m以上,西,区道,6.0,2000㎡以上,,,
344,中古マンション等,13120,東京都,練馬区,豊玉中,46000000,３ＬＤＫ,65,平成23年,ＲＣ,住宅,住宅,第１種住居地域,60,200,2020年第１四半期,未改装,,,,,,,,,,
345,宅地(土地),13120,東京都,練馬区,豊玉中,60000000,,125,,,,住宅,第１種住居地域,60,200,2020年第２四半期,,住宅地,長方形,10.0,西,区道,11.0,,1600000,480000,
346,中古マンション等,13120,東京都,練馬区,豊玉中,20000000,１Ｋ,20,平成22年,ＲＣ,,その他,近隣商業地域,80,300,2020年第２四半期,改装済,,,,,,,,,,
347,中古マンション等,13120,東京都,練馬区,豊玉中,20000000,１Ｋ,20,平成22年,ＲＣ,住宅,住宅,近隣商業地域,80,300,2020年第２四半期,未改装,,,,,,,,,,
348,中古マンション等,13120,東京都,練馬区,豊玉中,10000000,１ＬＤＫ,30,昭和48年,ＳＲＣ,住宅,住宅,近隣商業地域,80,300,2020年第２四半期,未改装,,,,,,,,,,
349,宅地(土地と建物),13120,東京都,練馬区,豊玉中,48000000,,85,平成15年,木造,住宅,住宅,第１種中高層住居専用地域,60,200,2020年第１四半期,,住宅地,不整形,2.5,南東,区道,6.0,100,,,
350,中古マンション等,13120,東京都,練馬区,豊玉中,22000000,１Ｋ,20,平成22年,ＲＣ,住宅,住宅,近隣商業地域,80,300,2020年第１四半期,未改装,,,,,,,,,,
351,中古マンション等,13120,東京都,練馬区,豊玉中,56000000,３ＬＤＫ,65,平成26年,ＲＣ,住宅,住宅,第１種低層住居専用地域,60,200,2020年第１四半期,未改装,,,,,,,,,,
352,中古マンション等,13120,東京都,練馬区,豊玉中,21000000,１Ｋ,20,平成22年,ＲＣ,住宅,住宅,近隣商業地域,80,300,2020年第１四半期,未改装,,,,,,,,,,
353,中古マンション等,13120,東京都,練馬区,豊玉南,40000000,３ＬＤＫ,60,平成15年,ＲＣ,住宅,住宅,第１種住居地域,60,200,2020年第２四半期,改装済,,,,,,,,,,
354,中古マンション等,13120,東京都,練馬区,豊玉南,43000000,３ＬＤＫ,70,平成14年,ＳＲＣ,住宅,住宅,準工業地域,60,200,2020年第１四半期,未改装,,,,,,,,,,
355,中古マンション等,13120,東京都,練馬区,豊玉南,22000000,１Ｋ,25,平成28年,ＲＣ,住宅,住宅,第１種中高層住居専用地域,60,200,2020年第１四半期,改装済,,,,,,,,,,
356,中古マンション等,13120,東京都,練馬区,豊玉南,19000000,１Ｋ,20,平成24年,ＲＣ,住宅,住宅,第１種中高層住居専用地域,60,200,2020年第１四半期,改装済,,,,,,,,,,
357,中古マンション等,13120,東京都,練馬区,豊玉南,19000000,１Ｋ,20,平成24年,ＲＣ,住宅,住宅,第１種中高層住居専用地域,60,200,2020年第１四半期,未改装,,,,,,,,,,
358,宅地(土地),13120,東京都,練馬区,豊玉南,11000000,,40,,,,その他,第１種低層住居専用地域,60,200,2020年第１四半期,,住宅地,ほぼ長方形,4.8,南東,区道,4.0,,940000,290000,隣地の購入
359,中古マンション等,13120,東京都,練馬区,豊玉南,50000000,３ＬＤＫ,70,平成27年,ＲＣ,住宅,住宅,第１種住居地域,60,200,2020年第１四半期,未改装,,,,,,,,,,
360,宅地(土地と建物),13120,東京都,練馬区,豊玉南,60000000,,110,令和2年,木造,住宅,住宅,第１種低層住居専用地域,60,200,2020年第１四半期,,住宅地,不整形,2.7,南,区道,6.0,95,,,
361,宅地(土地と建物),13120,東京都,練馬区,豊玉南,49000000,,55,令和2年,木造,住宅,住宅,第１種中高層住居専用地域,60,200,2020年第１四半期,,住宅地,長方形,4.8,北,私道,4.0,80,,,
362,中古マンション等,13120,東京都,練馬区,豊玉南,25000000,２ＬＤＫ,50,昭和47年,ＳＲＣ,住宅,住宅,準住居地域,60,300,2020年第１四半期,改装済,,,,,,,,,,
363,宅地(土地と建物),13120,東京都,練馬区,中村,67000000,,75,令和2年,木造,住宅,住宅,第１種低層住居専用地域,60,200,2020年第２四半期,,住宅地,ほぼ長方形,6.2,南東,区道,4.0,105,,,
364,宅地(土地),13120,東京都,練馬区,中村,35000000,,65,,,,住宅,第１種低層住居専用地域,60,200,2020年第２四半期,,住宅地,長方形,4.5,南,区道,4.0,,1900000,560000,
365,宅地(土地),13120,東京都,練馬区,中村,53000000,,90,,,,住宅,第１種低層住居専用地域,60,200,2020年第１四半期,,住宅地,ほぼ長方形,6.0,北東,区道,6.0,,2000000,590000,
366,宅地(土地と建物),13120,東京都,練馬区,中村,220000000,,210,令和2年,木造,共同住宅,住宅,第１種低層住居専用地域,60,200,2020年第１四半期,,住宅地,不整形,16.1,南東,区道,6.0,320,,,
367,宅地(土地),13120,東京都,練馬区,中村,73000000,,145,,,,住宅,第１種低層住居専用地域,60,200,2020年第１四半期,,住宅地,ほぼ長方形,10.0,南,区道,5.9,,1700000,500000,
368,中古マンション等,13120,東京都,練馬区,中村,34000000,３ＬＤＫ,70,平成4年,ＲＣ,住宅,住宅,第１種低層住居専用地域,60,200,2020年第１四半期,改装済,,,,,,,,,,
369,中古マンション等,13120,東京都,練馬区,中村,49000000,３ＬＤＫ,70,平成12年,ＲＣ,住宅,住宅,第１種低層住居専用地域,60,200,2020年第１四半期,改装済,,,,,,,,,,
370,中古マンション等,13120,東京都,練馬区,中村,44000000,３ＬＤＫ,75,平成14年,ＲＣ,住宅,,第１種低層住居専用地域,60,200,2020年第１四半期,未改装,,,,,,,,,,
371,中古マンション等,13120,東京都,練馬区,中村,36000000,２ＬＤＫ,50,平成16年,ＲＣ,住宅,住宅,第１種低層住居専用地域,60,200,2020年第１四半期,未改装,,,,,,,,,,
372,中古マンション等,13120,東京都,練馬区,中村北,21000000,１Ｋ,20,平成18年,ＲＣ,住宅,住宅,商業地域,80,500,2020年第２四半期,未改装,,,,,,,,,,
373,宅地(土地と建物),13120,東京都,練馬区,中村北,43000000,,40,令和2年,木造,住宅,住宅,近隣商業地域,80,300,2020年第１四半期,,住宅地,ほぼ整形,6.5,西,区道,6.0,55,,,
374,宅地(土地と建物),13120,東京都,練馬区,中村北,80000000,,75,令和2年,木造,住宅,住宅,第１種中高層住居専用地域,60,200,2020年第１四半期,,住宅地,ほぼ長方形,6.8,西,区道,8.0,100,,,
375,宅地(土地と建物),13120,東京都,練馬区,中村北,73000000,,85,令和2年,木造,住宅,住宅,第１種中高層住居専用地域,60,200,2020年第１四半期,,住宅地,長方形,6.2,南東,区道,6.0,110,,,
376,中古マンション等,13120,東京都,練馬区,中村北,34000000,１ＬＤＫ,30,平成22年,ＲＣ,住宅,住宅,商業地域,80,500,2020年第１四半期,改装済,,,,,,,,,,
377,中古マンション等,13120,東京都,練馬区,中村北,49000000,２ＬＤＫ,55,平成24年,ＲＣ,住宅,住宅,商業地域,80,500,2020年第１四半期,未改装,,,,,,,,,,
378,中古マンション等,13120,東京都,練馬区,中村北,47000000,２ＬＤＫ,55,平成24年,ＲＣ,住宅,住宅,商業地域,80,500,2020年第１四半期,未改装,,,,,,,,,,
379,中古マンション等,13120,東京都,練馬区,中村北,23000000,１Ｋ,20,平成24年,ＲＣ,住宅,住宅,近隣商業地域,80,300,2020年第１四半期,改装済,,,,,,,,,,
380,中古マンション等,13120,東京都,練馬区,中村北,19000000,１Ｋ,20,平成18年,ＲＣ,住宅,住宅,商業地域,80,500,2020年第１四半期,,,,,,,,,,,
381,中古マンション等,13120,東京都,練馬区,中村北,20000000,,20,平成18年,ＲＣ,住宅,住宅,商業地域,80,500,2020年第１四半期,,,,,,,,,,,
382,中古マンション等,13120,東京都,練馬区,中村北,44000000,２ＬＤＫ,55,平成15年,ＳＲＣ,住宅,住宅,商業地域,80,500,2020年第２四半期,未改装,,,,,,,,,,
383,中古マンション等,13120,東京都,練馬区,中村北,68000000,３ＬＤＫ,70,平成28年,ＲＣ,,住宅,,,,2020年第２四半期,未改装,,,,,,,,,,
384,宅地(土地と建物),13120,東京都,練馬区,中村北,72000000,,85,令和2年,木造,住宅,住宅,第１種中高層住居専用地域,60,200,2020年第１四半期,,住宅地,袋地等,2.5,北,区道,6.0,110,,,
385,中古マンション等,13120,東京都,練馬区,中村北,22000000,１Ｒ,20,平成24年,ＲＣ,住宅,住宅,第１種住居地域,60,200,2020年第１四半期,未改装,,,,,,,,,,
386,中古マンション等,13120,東京都,練馬区,中村北,20000000,１Ｋ,20,平成14年,ＳＲＣ,住宅,住宅,商業地域,80,500,2020年第１四半期,未改装,,,,,,,,,,
387,中古マンション等,13120,東京都,練馬区,中村北,20000000,１Ｋ,20,平成14年,ＳＲＣ,住宅,住宅,商業地域,80,500,2020年第１四半期,改装済,,,,,,,,,,
388,中古マンション等,13120,東京都,練馬区,中村南,49000000,３ＬＤＫ,70,平成24年,ＲＣ,住宅,住宅,第１種低層住居専用地域,60,200,2020年第２四半期,改装済,,,,,,,,,,
389,宅地(土地と建物),13120,東京都,練馬区,中村南,210000000,,360,平成3年,ＲＣ,共同住宅,住宅,第１種低層住居専用地域,60,200,2020年第１四半期,,住宅地,長方形,16.0,北,区道,6.0,630,,,
390,宅地(土地と建物),13120,東京都,練馬区,中村南,51000000,,85,平成9年,木造,住宅,その他,第１種低層住居専用地域,60,200,2020年第１四半期,,住宅地,ほぼ整形,5.1,北,区道,6.0,150,,,調停・競売等
391,宅地(土地と建物),13120,東京都,練馬区,中村南,33000000,,85,平成7年,鉄骨造,住宅,住宅,第１種低層住居専用地域,60,200,2020年第２四半期,,住宅地,長方形,6.7,北,区道,5.9,150,,,
392,中古マンション等,13120,東京都,練馬区,中村南,21000000,１Ｋ,20,平成19年,ＲＣ,住宅,住宅,第１種住居地域,60,200,2020年第２四半期,未改装,,,,,,,,,,
393,宅地(土地),13120,東京都,練馬区,中村南,270000000,,580,,,,住宅,第１種低層住居専用地域,60,200,2020年第１四半期,,住宅地,長方形,16.0,南,区道,9.8,,1600000,470000,
394,中古マンション等,13120,東京都,練馬区,中村南,17000000,１Ｋ,20,平成20年,ＲＣ,住宅,住宅,第１種低層住居専用地域,60,200,2020年第１四半期,,,,,,,,,,,
395,中古マンション等,13120,東京都,練馬区,中村南,18000000,１Ｋ,25,平成10年,ＲＣ,住宅,住宅,第１種低層住居専用地域,60,200,2020年第１四半期,改装済,,,,,,,,,,
396,中古マンション等,13120,東京都,練馬区,中村南,28000000,４ＬＤＫ,40,平成15年,ＲＣ,住宅,住宅,近隣商業地域,80,300,2020年第１四半期,改装済,,,,,,,,,,関係者間取引
397,中古マンション等,13120,東京都,練馬区,中村南,47000000,３ＬＤＫ,65,平成22年,ＲＣ,住宅,住宅,近隣商業地域,80,300,2020年第１四半期,未改装,,,,,,,,,,
398,中古マンション等,13120,東京都,練馬区,中村南,58000000,４ＬＤＫ,80,平成22年,ＲＣ,住宅,住宅,近隣商業地域,80,300,2020年第１四半期,未改装,,,,,,,,,,
399,宅地(土地と建物),13120,東京都,練馬区,西大泉,46000000,,130,平成31年,木造,住宅,住宅,第１種低層住居専用地域,50,100,2020年第１四半期,,住宅地,長方形,9.4,西,区道,4.0,100,,,
400,宅地(土地と建物),13120,東京都,練馬区,西大泉,40000000,,130,平成31年,木造,住宅,住宅,第１種低層住居専用地域,50,100,2020年第１四半期,,住宅地,ほぼ台形,10.4,北東,区道,5.3,105,,,
401,宅地(土地と建物),13120,東京都,練馬区,西大泉,49000000,,100,平成31年,木造,住宅,住宅,第１種低層住居専用地域,50,100,2020年第１四半期,,住宅地,ほぼ整形,10.8,南東,区道,4.0,100,,,
402,宅地(土地),13120,東京都,練馬区,西大泉,83000000,,330,,,,住宅,第１種低層住居専用地域,50,100,2020年第１四半期,,住宅地,ほぼ長方形,,南,区道,4.5,,830000,250000,
403,宅地(土地),13120,東京都,練馬区,西大泉,40000000,,150,,,,,第１種低層住居専用地域,50,100,2020年第１四半期,,住宅地,長方形,8.2,南西,道路,3.8,,880000,270000,
404,宅地(土地と建物),13120,東京都,練馬区,西大泉,12000000,,120,昭和44年,木造,住宅,住宅,第１種低層住居専用地域,50,100,2020年第１四半期,,住宅地,長方形,,東,区道,4.0,65,,,
405,宅地(土地),13120,東京都,練馬区,西大泉,40000000,,150,,,,住宅,第１種低層住居専用地域,50,100,2020年第１四半期,,住宅地,長方形,8.3,西,私道,5.0,,880000,270000,
406,中古マンション等,13120,東京都,練馬区,西大泉,32000000,３ＬＤＫ,65,平成10年,ＲＣ,住宅,住宅,第１種中高層住居専用地域,60,200,2020年第１四半期,未改装,,,,,,,,,,
407,宅地(土地と建物),13120,東京都,練馬区,西大泉,42000000,,110,平成31年,木造,住宅,住宅,第１種低層住居専用地域,50,100,2020年第２四半期,,住宅地,台形,10.2,南,区道,4.5,100,,,
408,宅地(土地),13120,東京都,練馬区,西大泉,29000000,,105,,,,住宅,第１種低層住居専用地域,60,150,2020年第２四半期,,住宅地,ほぼ長方形,8.5,西,区道,6.1,,890000,270000,
409,宅地(土地と建物),13120,東京都,練馬区,西大泉,38000000,,90,平成31年,木造,住宅,住宅,第１種低層住居専用地域,50,100,2020年第１四半期,,住宅地,ほぼ長方形,7.7,北,道路,4.0,90,,,
410,宅地(土地と建物),13120,東京都,練馬区,西大泉,45000000,,130,平成31年,木造,住宅,住宅,第１種低層住居専用地域,50,100,2020年第１四半期,,住宅地,ほぼ長方形,11.2,西,区道,9.0,105,,,
411,宅地(土地と建物),13120,東京都,練馬区,西大泉,55000000,,160,平成31年,木造,住宅,住宅,第１種低層住居専用地域,50,100,2020年第１四半期,,住宅地,ほぼ長方形,9.5,南東,区道,4.0,105,,,
412,宅地(土地と建物),13120,東京都,練馬区,西大泉,22000000,,80,昭和60年,木造,住宅,住宅,第１種中高層住居専用地域,60,200,2020年第１四半期,,住宅地,ほぼ長方形,12.4,北,都道,10.0,100,,,私道を含む取引
413,宅地(土地と建物),13120,東京都,練馬区,西大泉,34000000,,70,平成31年,木造,住宅,住宅,第１種低層住居専用地域,50,100,2020年第１四半期,,住宅地,長方形,9.7,南,区道,4.0,65,,,
414,宅地(土地と建物),13120,東京都,練馬区,西大泉,48000000,,105,令和2年,木造,住宅,住宅,第１種低層住居専用地域,50,100,2020年第１四半期,,住宅地,長方形,9.6,西,私道,4.5,95,,,
415,宅地(土地と建物),13120,東京都,練馬区,西大泉,39000000,,110,平成31年,木造,住宅,住宅,第１種低層住居専用地域,50,100,2020年第１四半期,,住宅地,長方形,9.4,西,私道,4.5,95,,,
416,宅地(土地と建物),13120,東京都,練馬区,西大泉,30000000,,75,平成27年,木造,住宅,住宅,第１種低層住居専用地域,50,100,2020年第１四半期,,住宅地,長方形,6.0,北,私道,5.0,70,,,
417,宅地(土地と建物),13120,東京都,練馬区,西大泉,14000000,,90,昭和39年,木造,住宅,住宅,第１種低層住居専用地域,50,100,2020年第１四半期,,住宅地,ほぼ長方形,4.0,東,私道,4.0,65,,,
418,宅地(土地と建物),13120,東京都,練馬区,錦,46000000,,55,令和2年,木造,住宅,住宅,近隣商業地域,80,300,2020年第２四半期,,住宅地,長方形,6.6,西,区道,5.0,90,,,
419,宅地(土地と建物),13120,東京都,練馬区,錦,48000000,,65,令和2年,木造,住宅,住宅,第１種低層住居専用地域,60,200,2020年第１四半期,,住宅地,ほぼ長方形,6.8,北,区道,6.0,95,,,
420,中古マンション等,13120,東京都,練馬区,錦,30000000,１Ｋ,25,平成31年,ＲＣ,住宅,住宅,第１種低層住居専用地域,60,200,2020年第１四半期,未改装,,,,,,,,,,
421,中古マンション等,13120,東京都,練馬区,錦,20000000,１ＤＫ,30,平成19年,ＲＣ,住宅,住宅,第１種住居地域,60,200,2020年第１四半期,,,,,,,,,,,
422,中古マンション等,13120,東京都,練馬区,錦,46000000,３ＬＤＫ,70,平成26年,ＲＣ,住宅,住宅,第１種住居地域,60,300,2020年第１四半期,未改装,,,,,,,,,,
423,宅地(土地),13120,東京都,練馬区,貫井,50000000,,100,,,,,第１種住居地域,60,200,2020年第２四半期,,住宅地,ほぼ台形,7.2,南,区道,5.0,,1600000,500000,
424,宅地(土地と建物),13120,東京都,練馬区,貫井,21000000,,65,昭和26年,木造,住宅、店舗,店舗,近隣商業地域,80,300,2020年第２四半期,,商業地,ほぼ長方形,3.2,東,都道,5.5,95,,,
425,宅地(土地と建物),13120,東京都,練馬区,貫井,29000000,,55,昭和42年,ＲＣ,住宅、事務所、店舗,,近隣商業地域,80,300,2020年第２四半期,,商業地,長方形,4.9,西,都道,5.5,115,,,
426,中古マンション等,13120,東京都,練馬区,貫井,21000000,２ＬＤＫ,45,平成5年,ＲＣ,住宅,住宅,第１種住居地域,60,200,2020年第２四半期,未改装,,,,,,,,,,
427,宅地(土地と建物),13120,東京都,練馬区,貫井,94000000,,155,平成2年,木造,共同住宅,,第１種住居地域,60,200,2020年第１四半期,,住宅地,ほぼ長方形,10.0,南西,私道,3.6,165,,,
428,宅地(土地と建物),13120,東京都,練馬区,貫井,92000000,,100,平成31年,木造,住宅,住宅,第１種住居地域,60,200,2020年第１四半期,,住宅地,ほぼ整形,10.0,東,区道,6.0,100,,,
429,宅地(土地と建物),13120,東京都,練馬区,貫井,79000000,,120,平成31年,木造,住宅,住宅,第１種住居地域,60,200,2020年第１四半期,,住宅地,袋地等,2.1,南,区道,5.8,95,,,
430,宅地(土地と建物),13120,東京都,練馬区,貫井,93000000,,100,平成31年,木造,住宅,住宅,第１種住居地域,60,200,2020年第１四半期,,住宅地,ほぼ長方形,7.8,東,区道,5.0,105,,,
431,宅地(土地と建物),13120,東京都,練馬区,貫井,80000000,,110,平成31年,木造,住宅,住宅,第１種住居地域,60,200,2020年第１四半期,,住宅地,袋地等,3.0,東,区道,6.0,100,,,
432,中古マンション等,13120,東京都,練馬区,貫井,13000000,１ＬＤＫ,40,昭和49年,ＳＲＣ,住宅,住宅,準住居地域,60,300,2020年第１四半期,未改装,,,,,,,,,,
433,中古マンション等,13120,東京都,練馬区,貫井,38000000,２ＬＤＫ,65,平成7年,ＲＣ,住宅,その他,準工業地域,60,200,2020年第１四半期,改装済,,,,,,,,,,
434,中古マンション等,13120,東京都,練馬区,貫井,8400000,１Ｒ,15,平成3年,ＲＣ,住宅,住宅,第１種住居地域,60,200,2020年第１四半期,未改装,,,,,,,,,,
435,宅地(土地と建物),13120,東京都,練馬区,貫井,47000000,,90,平成18年,木造,住宅,住宅,準工業地域,60,300,2020年第２四半期,,住宅地,長方形,8.3,北,区道,4.2,90,,,
436,宅地(土地),13120,東京都,練馬区,貫井,50000000,,165,,,,,第１種低層住居専用地域,50,100,2020年第２四半期,,住宅地,ほぼ長方形,13.5,東,区道,5.5,,1000000,300000,
437,中古マンション等,13120,東京都,練馬区,貫井,24000000,１ＬＤＫ,35,昭和47年,ＳＲＣ,住宅,住宅,第１種住居地域,60,200,2020年第２四半期,改装済,,,,,,,,,,
438,中古マンション等,13120,東京都,練馬区,貫井,5800000,１Ｋ,15,昭和64年,ＲＣ,住宅,住宅,準工業地域,60,200,2020年第２四半期,未改装,,,,,,,,,,
439,中古マンション等,13120,東京都,練馬区,貫井,30000000,１ＤＫ,45,昭和57年,ＲＣ,住宅,住宅,準工業地域,60,200,2020年第２四半期,改装済,,,,,,,,,,
440,中古マンション等,13120,東京都,練馬区,貫井,34000000,２ＬＤＫ,50,平成5年,ＲＣ,住宅,住宅,第１種住居地域,60,200,2020年第２四半期,改装済,,,,,,,,,,
441,中古マンション等,13120,東京都,練馬区,貫井,15000000,３ＬＤＫ,55,昭和43年,ＲＣ,住宅,住宅,第１種住居地域,60,200,2020年第２四半期,未改装,,,,,,,,,,
442,宅地(土地),13120,東京都,練馬区,貫井,9700000,,30,,,,その他,第１種中高層住居専用地域,60,200,2020年第１四半期,,住宅地,ほぼ長方形,12.6,西,区道,5.6,,1000000,310000,
443,宅地(土地),13120,東京都,練馬区,貫井,13000000,,40,,,,その他,第１種中高層住居専用地域,60,200,2020年第１四半期,,住宅地,ほぼ長方形,11.1,西,区道,5.4,,1100000,330000,
444,宅地(土地),13120,東京都,練馬区,貫井,20000000,,45,,,,その他,第１種中高層住居専用地域,60,200,2020年第１四半期,,住宅地,ほぼ長方形,12.8,西,区道,5.4,,1400000,430000,
445,宅地(土地),13120,東京都,練馬区,貫井,40000000,,85,,,,住宅,第１種住居地域,60,200,2020年第１四半期,,住宅地,ほぼ長方形,4.8,南東,区道,4.5,,1600000,470000,
446,中古マンション等,13120,東京都,練馬区,貫井,35000000,３ＬＤＫ,75,昭和47年,ＳＲＣ,住宅,住宅,第１種住居地域,60,200,2020年第１四半期,改装済,,,,,,,,,,
447,中古マンション等,13120,東京都,練馬区,貫井,20000000,１Ｋ,20,,,,その他,,,,2020年第１四半期,未改装,,,,,,,,,,
448,中古マンション等,13120,東京都,練馬区,貫井,21000000,２ＬＤＫ,35,昭和47年,ＳＲＣ,住宅,住宅,第１種住居地域,60,200,2020年第１四半期,改装済,,,,,,,,,,
449,中古マンション等,13120,東京都,練馬区,貫井,31000000,３ＬＤＫ,70,平成7年,ＲＣ,住宅,住宅,第１種低層住居専用地域,50,100,2020年第１四半期,未改装,,,,,,,,,,
450,中古マンション等,13120,東京都,練馬区,貫井,22000000,１ＬＤＫ＋Ｓ,40,昭和47年,ＳＲＣ,住宅,住宅,第１種住居地域,60,200,2020年第１四半期,改装済,,,,,,,,,,
451,中古マンション等,13120,東京都,練馬区,貫井,38000000,３ＬＤＫ,65,平成10年,ＲＣ,住宅,住宅,第１種住居地域,60,200,2020年第１四半期,未改装,,,,,,,,,,
452,中古マンション等,13120,東京都,練馬区,貫井,48000000,３ＬＤＫ,75,平成21年,ＲＣ,住宅,住宅,第１種住居地域,60,200,2020年第１四半期,未改装,,,,,,,,,,
453,宅地(土地と建物),13120,東京都,練馬区,練馬,63000000,,90,平成28年,木造,住宅,住宅,近隣商業地域,80,300,2020年第２四半期,,住宅地,袋地等,2.6,南,区道,5.0,85,,,
454,中古マンション等,13120,東京都,練馬区,練馬,43000000,２ＬＤＫ,55,平成25年,ＲＣ,住宅,住宅,第１種低層住居専用地域,50,100,2020年第２四半期,,,,,,,,,,,
455,中古マンション等,13120,東京都,練馬区,練馬,8800000,１Ｋ,15,平成3年,ＲＣ,住宅,住宅,第１種住居地域,60,200,2020年第２四半期,未改装,,,,,,,,,,
456,宅地(土地と建物),13120,東京都,練馬区,練馬,45000000,,95,平成2年,木造,共同住宅,住宅,第１種住居地域,60,200,2020年第１四半期,,住宅地,ほぼ長方形,11.1,北,区道,5.9,115,,,
457,宅地(土地と建物),13120,東京都,練馬区,練馬,31000000,,60,昭和61年,木造,住宅,住宅,第１種住居地域,60,200,2020年第１四半期,,住宅地,ほぼ整形,3.8,南西,私道,4.0,75,,,
458,中古マンション等,13120,東京都,練馬区,練馬,30000000,２ＬＤＫ,55,昭和47年,ＳＲＣ,住宅,住宅,商業地域,80,500,2020年第１四半期,改装済,,,,,,,,,,
459,中古マンション等,13120,東京都,練馬区,練馬,5500000,１Ｋ,15,平成3年,ＲＣ,住宅,その他,第１種住居地域,60,200,2020年第１四半期,,,,,,,,,,,
460,中古マンション等,13120,東京都,練馬区,練馬,11000000,１Ｋ,15,平成3年,ＲＣ,住宅,住宅,第１種住居地域,60,200,2020年第１四半期,改装済,,,,,,,,,,
461,宅地(土地と建物),13120,東京都,練馬区,練馬,42000000,,70,昭和46年,木造,住宅,住宅,第１種中高層住居専用地域,60,200,2020年第２四半期,,住宅地,台形,6.9,南,私道,4.0,80,,,
462,中古マンション等,13120,東京都,練馬区,練馬,19000000,１Ｋ,15,平成10年,ＲＣ,住宅,住宅,商業地域,80,500,2020年第２四半期,未改装,,,,,,,,,,
463,宅地(土地と建物),13120,東京都,練馬区,練馬,73000000,,140,平成2年,軽量鉄骨造,共同住宅,住宅,第１種住居地域,60,200,2020年第１四半期,,住宅地,ほぼ長方形,7.5,南西,区道,3.0,130,,,
464,宅地(土地と建物),13120,東京都,練馬区,練馬,13000000,,30,昭和54年,木造,住宅,,第１種住居地域,60,200,2020年第１四半期,,住宅地,ほぼ長方形,3.5,東,私道,4.0,35,,,
465,宅地(土地と建物),13120,東京都,練馬区,練馬,300000000,,175,平成4年,ＳＲＣ,共同住宅、事務所、駐車場,住宅,商業地域,80,500,2020年第１四半期,,商業地,ほぼ長方形,14.5,南,都道,30.5,890,,,
466,宅地(土地と建物),13120,東京都,練馬区,練馬,140000000,,210,昭和62年,木造,住宅、共同住宅,事務所,第１種住居地域,60,200,2020年第１四半期,,住宅地,ほぼ長方形,11.0,北,道路,2.9,220,,,
467,中古マンション等,13120,東京都,練馬区,練馬,44000000,３ＬＤＫ,55,平成6年,ＳＲＣ,,住宅,商業地域,80,500,2020年第１四半期,改装済,,,,,,,,,,
468,中古マンション等,13120,東京都,練馬区,練馬,22000000,１Ｋ,20,平成14年,ＳＲＣ,,その他,商業地域,80,500,2020年第１四半期,,,,,,,,,,,
469,中古マンション等,13120,東京都,練馬区,練馬,35000000,２ＬＤＫ,45,平成2年,ＲＣ,住宅,住宅,商業地域,80,500,2020年第１四半期,改装済,,,,,,,,,,
470,宅地(土地),13120,東京都,練馬区,羽沢,50000000,,85,,,,住宅,第１種低層住居専用地域,60,150,2020年第２四半期,,住宅地,長方形,6.0,南東,区道,5.4,,2000000,600000,
471,中古マンション等,13120,東京都,練馬区,羽沢,27000000,１ＤＫ,35,平成22年,ＲＣ,住宅,住宅,準住居地域,60,300,2020年第２四半期,,,,,,,,,,,
472,宅地(土地と建物),13120,東京都,練馬区,羽沢,28000000,,90,昭和42年,木造,共同住宅,住宅,第１種低層住居専用地域,60,150,2020年第１四半期,,住宅地,袋地等,,東,区道,3.9,80,,,隣地の購入
473,宅地(土地),13120,東京都,練馬区,羽沢,62000000,,115,,,,住宅,第１種低層住居専用地域,60,150,2020年第１四半期,,住宅地,ほぼ長方形,6.1,東,私道,4.0,,1800000,530000,
474,中古マンション等,13120,東京都,練馬区,羽沢,18000000,,20,平成18年,ＲＣ,,住宅,近隣商業地域,80,300,2020年第１四半期,未改装,,,,,,,,,,
475,中古マンション等,13120,東京都,練馬区,羽沢,22000000,,20,平成22年,ＲＣ,住宅,住宅,準住居地域,60,300,2020年第１四半期,,,,,,,,,,,
476,宅地(土地と建物),13120,東京都,練馬区,羽沢,100000000,,115,平成23年,木造,共同住宅,住宅,第１種中高層住居専用地域,60,200,2020年第２四半期,,住宅地,ほぼ正方形,10.4,北西,区道,8.0,150,,,
477,中古マンション等,13120,東京都,練馬区,羽沢,43000000,３ＬＤＫ,65,平成14年,ＲＣ,住宅,住宅,準工業地域,60,200,2020年第１四半期,未改装,,,,,,,,,,
478,宅地(土地と建物),13120,東京都,練馬区,早宮,61000000,,75,令和3年,木造,住宅,住宅,第１種中高層住居専用地域,60,200,2020年第２四半期,,住宅地,台形,7.0,北東,区道,8.0,90,,,
479,宅地(土地と建物),13120,東京都,練馬区,早宮,55000000,,85,令和2年,木造,住宅,住宅,第１種低層住居専用地域,50,100,2020年第２四半期,,住宅地,ほぼ長方形,6.0,北,私道,4.0,85,,,
480,中古マンション等,13120,東京都,練馬区,早宮,38000000,２ＬＤＫ,55,平成16年,ＲＣ,住宅,住宅,近隣商業地域,80,300,2020年第２四半期,改装済,,,,,,,,,,
481,宅地(土地と建物),13120,東京都,練馬区,早宮,100000000,,110,令和2年,鉄骨造,住宅,住宅,第１種低層住居専用地域,50,100,2020年第１四半期,,住宅地,ほぼ台形,13.0,東,区道,5.0,110,,,
482,宅地(土地),13120,東京都,練馬区,早宮,42000000,,75,,,,住宅,第１種中高層住居専用地域,60,200,2020年第１四半期,,住宅地,長方形,6.2,南,区道,5.0,,1800000,560000,
483,宅地(土地と建物),13120,東京都,練馬区,早宮,25000000,,75,昭和61年,木造,住宅,住宅,第１種低層住居専用地域,50,100,2020年第１四半期,,住宅地,袋地等,4.3,北西,区道,4.5,70,,,
484,中古マンション等,13120,東京都,練馬区,早宮,55000000,４ＬＤＫ,85,平成17年,ＲＣ,住宅,住宅,第１種低層住居専用地域,50,100,2020年第１四半期,未改装,,,,,,,,,,
485,中古マンション等,13120,東京都,練馬区,早宮,25000000,１Ｋ,25,平成30年,ＲＣ,,住宅,近隣商業地域,80,300,2020年第１四半期,未改装,,,,,,,,,,
486,宅地(土地と建物),13120,東京都,練馬区,早宮,62000000,,100,令和2年,木造,住宅,住宅,第１種低層住居専用地域,50,100,2020年第１四半期,,住宅地,台形,,西,私道,4.5,95,,,
487,宅地(土地と建物),13120,東京都,練馬区,早宮,59000000,,85,令和2年,木造,住宅,住宅,第１種低層住居専用地域,50,100,2020年第２四半期,,住宅地,袋地等,2.1,南西,私道,4.2,75,,,
488,宅地(土地と建物),13120,東京都,練馬区,早宮,140000000,,330,昭和61年,木造,住宅、駐車場,住宅,第１種低層住居専用地域,50,100,2020年第１四半期,,住宅地,ほぼ長方形,13.0,東,区道,5.2,210,,,
489,中古マンション等,13120,東京都,練馬区,早宮,32000000,３ＬＤＫ,70,昭和60年,ＲＣ,住宅,住宅,第１種低層住居専用地域,50,100,2020年第１四半期,未改装,,,,,,,,,,
490,宅地(土地と建物),13120,東京都,練馬区,早宮,5100000,,70,昭和38年,木造,住宅,その他,第１種低層住居専用地域,50,100,2020年第２四半期,,住宅地,ほぼ正方形,8.6,南西,私道,2.0,65,,,
491,宅地(土地と建物),13120,東京都,練馬区,早宮,72000000,,135,平成14年,木造,住宅,住宅,第１種低層住居専用地域,50,100,2020年第１四半期,,住宅地,ほぼ長方形,8.5,北東,区道,5.5,120,,,
492,宅地(土地と建物),13120,東京都,練馬区,早宮,18000000,,65,平成4年,木造,住宅,住宅,第１種低層住居専用地域,50,100,2020年第１四半期,,住宅地,ほぼ長方形,7.0,北,区道,4.0,110,,,
493,宅地(土地と建物),13120,東京都,練馬区,早宮,80000000,,160,平成30年,木造,共同住宅,住宅,第１種低層住居専用地域,50,100,2020年第１四半期,,住宅地,ほぼ長方形,11.7,東,区道,5.5,155,,,
494,中古マンション等,13120,東京都,練馬区,早宮,31000000,１ＬＤＫ,30,平成31年,ＲＣ,住宅,住宅,近隣商業地域,80,300,2020年第１四半期,,,,,,,,,,,
495,中古マンション等,13120,東京都,練馬区,早宮,28000000,１Ｋ,25,平成31年,ＲＣ,住宅,住宅,近隣商業地域,80,300,2020年第１四半期,,,,,,,,,,,
496,中古マンション等,13120,東京都,練馬区,早宮,10000000,２Ｋ,25,昭和63年,ＲＣ,住宅,住宅,第１種住居地域,60,200,2020年第１四半期,未改装,,,,,,,,,,
497,宅地(土地と建物),13120,東京都,練馬区,東大泉,51000000,,100,平成31年,木造,住宅,住宅,準住居地域,60,300,2020年第２四半期,,住宅地,長方形,7.8,北東,区道,4.5,100,,,
498,宅地(土地),13120,東京都,練馬区,東大泉,62000000,,145,,,,その他,第１種中高層住居専用地域,50,150,2020年第２四半期,,住宅地,正方形,12.0,東,区道,4.0,,1400000,440000,
499,宅地(土地と建物),13120,東京都,練馬区,東大泉,51000000,,100,令和2年,木造,住宅,住宅,第１種低層住居専用地域,50,100,2020年第２四半期,,住宅地,袋地等,3.2,南東,区道,5.0,90,,,
500,宅地(土地と建物),13120,東京都,練馬区,東大泉,39000000,,90,昭和60年,鉄骨造、木造,住宅、駐車場,住宅,第１種中高層住居専用地域,50,150,2020年第２四半期,,住宅地,ほぼ正方形,9.3,南西,区道,4.0,125,,,
501,宅地(土地と建物),13120,東京都,練馬区,東大泉,50000000,,100,令和2年,木造,住宅,住宅,第１種低層住居専用地域,50,100,2020年第２四半期,,住宅地,ほぼ正方形,9.8,北西,区道,6.0,100,,,
502,宅地(土地),13120,東京都,練馬区,東大泉,32000000,,125,,,,その他,第１種低層住居専用地域,50,100,2020年第２四半期,,住宅地,ほぼ長方形,13.5,接面道路無,,,,840000,250000,
503,中古マンション等,13120,東京都,練馬区,東大泉,18000000,１Ｋ,20,平成19年,ＲＣ,住宅,住宅,第１種住居地域,60,200,2020年第２四半期,,,,,,,,,,,
504,宅地(土地と建物),13120,東京都,練馬区,東大泉,54000000,,70,令和2年,木造,住宅,住宅,第１種中高層住居専用地域,50,150,2020年第１四半期,,住宅地,不整形,5.2,南東,区道,4.0,95,,,
505,宅地(土地),13120,東京都,練馬区,東大泉,42000000,,85,,,,住宅,第１種中高層住居専用地域,50,150,2020年第１四半期,,住宅地,ほぼ台形,10.7,南東,区道,5.0,,1600000,500000,隣地の購入
506,宅地(土地と建物),13120,東京都,練馬区,東大泉,37000000,,115,平成9年,木造,住宅,住宅,第１種低層住居専用地域,50,100,2020年第１四半期,,住宅地,袋地等,3.0,北,道路,6.0,95,,,
507,宅地(土地と建物),13120,東京都,練馬区,東大泉,46000000,,70,昭和51年,木造,住宅、店舗,,近隣商業地域,80,300,2020年第１四半期,,住宅地,長方形,6.5,北,区道,4.8,80,,,私道を含む取引
508,宅地(土地と建物),13120,東京都,練馬区,東大泉,56000000,,115,令和2年,木造,住宅,住宅,第１種低層住居専用地域,50,100,2020年第１四半期,,住宅地,不整形,3.8,東,区道,6.0,100,,,
509,宅地(土地と建物),13120,東京都,練馬区,東大泉,62000000,,70,平成31年,木造,住宅,住宅,第１種中高層住居専用地域,60,200,2020年第１四半期,,住宅地,不整形,4.0,南西,私道,4.0,100,,,
510,宅地(土地と建物),13120,東京都,練馬区,東大泉,55000000,,120,令和2年,木造,住宅,住宅,第１種低層住居専用地域,50,100,2020年第１四半期,,住宅地,長方形,9.0,東,区道,4.0,105,,,
511,宅地(土地と建物),13120,東京都,練馬区,東大泉,59000000,,165,令和2年,木造,住宅,住宅,第１種低層住居専用地域,50,100,2020年第１四半期,,住宅地,不整形,5.4,西,区道,4.0,100,,,
512,中古マンション等,13120,東京都,練馬区,東大泉,22000000,１Ｋ,20,平成19年,ＲＣ,住宅,その他,第１種住居地域,60,200,2020年第１四半期,改装済,,,,,,,,,,
513,中古マンション等,13120,東京都,練馬区,東大泉,20000000,１Ｋ,25,平成19年,ＲＣ,住宅,住宅,第１種住居地域,60,200,2020年第１四半期,,,,,,,,,,,
514,中古マンション等,13120,東京都,練馬区,東大泉,39000000,３ＬＤＫ,65,平成19年,ＲＣ,住宅,住宅,第１種住居地域,60,200,2020年第１四半期,未改装,,,,,,,,,,
515,中古マンション等,13120,東京都,練馬区,東大泉,28000000,３ＬＤＫ,75,平成3年,ＲＣ,住宅,その他,準工業地域,60,200,2020年第１四半期,未改装,,,,,,,,,,
516,宅地(土地と建物),13120,東京都,練馬区,東大泉,31000000,,75,平成13年,木造,住宅,住宅,第１種低層住居専用地域,50,100,2020年第１四半期,,住宅地,ほぼ長方形,6.0,北西,私道,4.0,75,,,
517,中古マンション等,13120,東京都,練馬区,光が丘,35000000,３ＬＤＫ,75,昭和59年,ＲＣ,住宅,住宅,第１種中高層住居専用地域,60,200,2020年第１四半期,改装済,,,,,,,,,,
518,中古マンション等,13120,東京都,練馬区,光が丘,50000000,３ＬＤＫ,80,昭和62年,ＳＲＣ,住宅,住宅,第１種中高層住居専用地域,60,200,2020年第２四半期,未改装,,,,,,,,,,
519,中古マンション等,13120,東京都,練馬区,光が丘,41000000,２ＬＤＫ,60,昭和62年,ＳＲＣ,住宅,住宅,第１種中高層住居専用地域,60,200,2020年第２四半期,改装済,,,,,,,,,,
520,中古マンション等,13120,東京都,練馬区,光が丘,48000000,３ＬＤＫ,80,昭和60年,ＳＲＣ,住宅,住宅,第１種中高層住居専用地域,60,200,2020年第２四半期,改装済,,,,,,,,,,
521,中古マンション等,13120,東京都,練馬区,光が丘,44000000,３ＬＤＫ,75,昭和61年,ＳＲＣ,,住宅,第２種中高層住居専用地域,60,200,2020年第１四半期,未改装,,,,,,,,,,
522,中古マンション等,13120,東京都,練馬区,光が丘,42000000,３ＬＤＫ,80,昭和63年,ＲＣ,住宅,住宅,第１種中高層住居専用地域,60,200,2020年第１四半期,改装済,,,,,,,,,,
523,中古マンション等,13120,東京都,練馬区,光が丘,44000000,３ＤＫ,60,平成3年,ＲＣ,住宅,住宅,第１種中高層住居専用地域,60,200,2020年第１四半期,改装済,,,,,,,,,,
524,宅地(土地),13120,東京都,練馬区,氷川台,27000000,,50,,,,,第１種低層住居専用地域,60,200,2020年第２四半期,,住宅地,長方形,4.7,北,区道,4.0,,1700000,520000,
525,宅地(土地と建物),13120,東京都,練馬区,氷川台,38000000,,105,昭和64年,木造,共同住宅,住宅,近隣商業地域,80,300,2020年第１四半期,,住宅地,袋地等,4.0,北東,私道,4.0,105,,,
526,中古マンション等,13120,東京都,練馬区,氷川台,19000000,１ＬＤＫ,40,平成7年,ＲＣ,住宅,住宅,第１種低層住居専用地域,60,200,2020年第１四半期,改装済,,,,,,,,,,
527,中古マンション等,13120,東京都,練馬区,氷川台,60000000,３ＬＤＫ,70,平成20年,ＲＣ,,住宅,第１種低層住居専用地域,60,200,2020年第１四半期,未改装,,,,,,,,,,
528,宅地(土地と建物),13120,東京都,練馬区,富士見台,63000000,,110,令和2年,木造,住宅,住宅,第１種低層住居専用地域,50,100,2020年第２四半期,,住宅地,ほぼ正方形,9.3,北,道路,5.0,100,,,
529,宅地(土地と建物),13120,東京都,練馬区,富士見台,50000000,,125,昭和64年,ＲＣ、木造,住宅,住宅,第１種低層住居専用地域,50,100,2020年第１四半期,,住宅地,ほぼ正方形,10.6,北,区道,5.0,180,,,
530,宅地(土地と建物),13120,東京都,練馬区,富士見台,53000000,,85,平成31年,木造,住宅,住宅,第１種低層住居専用地域,50,100,2020年第１四半期,,住宅地,ほぼ長方形,9.7,北東,区道,5.0,85,,,
531,宅地(土地と建物),13120,東京都,練馬区,富士見台,53000000,,90,平成31年,木造,住宅,住宅,第１種低層住居専用地域,50,100,2020年第１四半期,,住宅地,台形,7.0,南西,区道,4.5,90,,,
532,宅地(土地),13120,東京都,練馬区,富士見台,25000000,,60,,,,,第１種住居地域,60,300,2020年第１四半期,,住宅地,ほぼ長方形,5.4,北,区道,5.0,,1400000,430000,
533,宅地(土地と建物),13120,東京都,練馬区,富士見台,54000000,,75,令和2年,木造,住宅,住宅,第１種住居地域,60,300,2020年第１四半期,,住宅地,ほぼ長方形,6.7,南,道路,6.0,80,,,
534,宅地(土地),13120,東京都,練馬区,富士見台,77000000,,190,,,,その他,第１種中高層住居専用地域,60,200,2020年第１四半期,,住宅地,ほぼ長方形,2.9,東,区道,6.0,,1300000,400000,
535,宅地(土地と建物),13120,東京都,練馬区,富士見台,63000000,,140,昭和64年,木造,共同住宅,住宅,第１種低層住居専用地域,50,100,2020年第１四半期,,住宅地,長方形,11.4,北,区道,4.0,120,,,
536,宅地(土地と建物),13120,東京都,練馬区,富士見台,46000000,,90,平成31年,木造,住宅,住宅,第１種低層住居専用地域,50,100,2020年第１四半期,,住宅地,袋地等,2.5,東,私道,4.0,85,,,
537,宅地(土地と建物),13120,東京都,練馬区,富士見台,38000000,,145,昭和39年,木造,住宅,住宅,第１種低層住居専用地域,50,100,2020年第１四半期,,住宅地,不整形,,北,区道,5.4,120,,,
538,宅地(土地と建物),13120,東京都,練馬区,平和台,78000000,,110,令和2年,木造,住宅,住宅,第１種低層住居専用地域,60,200,2020年第２四半期,,住宅地,ほぼ長方形,6.9,南西,区道,4.0,100,,,
539,宅地(土地と建物),13120,東京都,練馬区,平和台,37000000,,100,昭和31年,木造,住宅,住宅,第１種低層住居専用地域,60,200,2020年第２四半期,,住宅地,長方形,8.4,南,区道,6.0,95,,,
540,中古マンション等,13120,東京都,練馬区,平和台,21000000,１Ｋ,25,平成18年,ＲＣ,住宅,住宅,第１種低層住居専用地域,60,200,2020年第１四半期,,,,,,,,,,,
541,中古マンション等,13120,東京都,練馬区,平和台,48000000,３ＬＤＫ,65,平成18年,ＲＣ,住宅,住宅,第１種低層住居専用地域,60,200,2020年第１四半期,未改装,,,,,,,,,,
542,中古マンション等,13120,東京都,練馬区,平和台,22000000,１Ｋ,25,平成18年,ＲＣ,住宅,住宅,第１種低層住居専用地域,60,200,2020年第１四半期,未改装,,,,,,,,,,
543,中古マンション等,13120,東京都,練馬区,平和台,22000000,１Ｋ,25,平成18年,ＲＣ,住宅,住宅,第１種低層住居専用地域,60,200,2020年第１四半期,,,,,,,,,,,
544,宅地(土地),13120,東京都,練馬区,平和台,38000000,,220,,,,その他,第１種低層住居専用地域,60,200,2020年第１四半期,,住宅地,袋地等,,北,区道,6.0,,570000,170000,隣地の購入、関係者間取引
545,宅地(土地と建物),13120,東京都,練馬区,平和台,55000000,,75,平成31年,木造,住宅,住宅,第１種住居地域,60,200,2020年第１四半期,,住宅地,長方形,5.9,北西,区道,11.0,100,,,
546,宅地(土地と建物),13120,東京都,練馬区,平和台,51000000,,95,平成31年,木造,住宅,住宅,第１種低層住居専用地域,60,200,2020年第１四半期,,住宅地,不整形,,南,区道,6.1,100,,,
547,中古マンション等,13120,東京都,練馬区,平和台,48000000,３ＬＤＫ,85,平成13年,ＲＣ,住宅,住宅,第１種低層住居専用地域,60,200,2020年第１四半期,未改装,,,,,,,,,,
548,中古マンション等,13120,東京都,練馬区,平和台,36000000,３ＬＤＫ,60,平成11年,ＲＣ,住宅,住宅,第１種住居地域,60,200,2020年第１四半期,未改装,,,,,,,,,,
549,中古マンション等,13120,東京都,練馬区,平和台,8700000,１Ｋ,15,昭和62年,ＲＣ,住宅,住宅,第１種低層住居専用地域,60,200,2020年第１四半期,未改装,,,,,,,,,,
550,宅地(土地と建物),13120,東京都,練馬区,南大泉,54000000,,80,平成30年,木造,共同住宅,住宅,第１種低層住居専用地域,50,100,2020年第２四半期,,住宅地,不整形,8.0,西,区道,6.0,75,,,
551,宅地(土地と建物),13120,東京都,練馬区,南大泉,20000000,,115,昭和54年,木造,住宅,事務所,第１種低層住居専用地域,50,100,2020年第１四半期,,住宅地,ほぼ長方形,11.0,東,私道,6.0,95,,,
552,宅地(土地と建物),13120,東京都,練馬区,南大泉,45000000,,105,令和2年,木造,住宅,住宅,第１種低層住居専用地域,50,100,2020年第２四半期,,住宅地,ほぼ正方形,10.0,西,道路,4.0,100,,,
553,宅地(土地と建物),13120,東京都,練馬区,南大泉,10000000,,75,平成3年,木造,住宅,住宅,第１種低層住居専用地域,50,100,2020年第２四半期,,住宅地,長方形,8.6,南東,私道,2.6,75,,,私道を含む取引
554,宅地(土地),13120,東京都,練馬区,南大泉,60000000,,210,,,,,第１種低層住居専用地域,50,100,2020年第１四半期,,住宅地,ほぼ長方形,14.2,東,区道,5.6,,960000,290000,私道を含む取引
555,宅地(土地),13120,東京都,練馬区,南大泉,34000000,,105,,,,住宅,第１種住居地域,60,200,2020年第１四半期,,住宅地,ほぼ長方形,7.9,東,区道,5.9,,1100000,330000,
556,宅地(土地と建物),13120,東京都,練馬区,南大泉,50000000,,90,平成31年,木造,住宅,住宅,第１種低層住居専用地域,50,100,2020年第１四半期,,住宅地,ほぼ台形,11.5,東,区道,6.0,90,,,
557,宅地(土地),13120,東京都,練馬区,南大泉,37000000,,100,,,,住宅,第１種住居地域,60,200,2020年第１四半期,,住宅地,ほぼ長方形,9.1,東,区道,4.0,,1200000,360000,
558,宅地(土地と建物),13120,東京都,練馬区,南大泉,30000000,,55,令和2年,木造,住宅,住宅,第１種低層住居専用地域,50,100,2020年第１四半期,,住宅地,長方形,5.5,東,私道,4.0,45,,,私道を含む取引
559,宅地(土地と建物),13120,東京都,練馬区,南大泉,33000000,,100,平成9年,木造,住宅,住宅,第１種低層住居専用地域,50,100,2020年第１四半期,,住宅地,ほぼ正方形,9.9,東,私道,4.0,90,,,
560,中古マンション等,13120,東京都,練馬区,南大泉,31000000,３ＬＤＫ,60,平成6年,ＲＣ,住宅,住宅,近隣商業地域,80,300,2020年第１四半期,未改装,,,,,,,,,,
561,宅地(土地と建物),13120,東京都,練馬区,南大泉,53000000,,110,平成31年,木造,住宅,住宅,第１種低層住居専用地域,50,100,2020年第２四半期,,住宅地,ほぼ長方形,7.0,南,区道,5.0,100,,,
562,宅地(土地),13120,東京都,練馬区,南大泉,23000000,,95,,,,住宅,第１種低層住居専用地域,50,100,2020年第２四半期,,住宅地,台形,13.9,南西,私道,4.0,,820000,250000,
563,宅地(土地と建物),13120,東京都,練馬区,南大泉,46000000,,95,令和2年,木造,住宅,住宅,第１種低層住居専用地域,50,100,2020年第１四半期,,住宅地,ほぼ長方形,6.2,東,区道,5.5,90,,,
564,宅地(土地と建物),13120,東京都,練馬区,南大泉,50000000,,100,平成31年,木造,住宅,住宅,第１種低層住居専用地域,50,100,2020年第１四半期,,住宅地,ほぼ長方形,6.9,南,区道,5.0,100,,,
565,宅地(土地と建物),13120,東京都,練馬区,南大泉,46000000,,100,平成28年,木造,住宅,住宅,第１種低層住居専用地域,50,100,2020年第１四半期,,住宅地,ほぼ台形,8.3,北,区道,6.0,100,,,
566,中古マンション等,13120,東京都,練馬区,南田中,52000000,３ＬＤＫ,75,,,,住宅,,,,2020年第１四半期,未改装,,,,,,,,,,
567,中古マンション等,13120,東京都,練馬区,南田中,33000000,４ＬＤＫ,80,平成16年,ＲＣ,住宅,住宅,第１種低層住居専用地域,60,200,2020年第１四半期,未改装,,,,,,,,,,
568,中古マンション等,13120,東京都,練馬区,南田中,37000000,３ＬＤＫ,60,平成24年,ＲＣ,住宅,住宅,準住居地域,60,300,2020年第１四半期,未改装,,,,,,,,,,
569,中古マンション等,13120,東京都,練馬区,南田中,7400000,１Ｋ,15,平成3年,ＲＣ,住宅,住宅,準住居地域,60,300,2020年第２四半期,未改装,,,,,,,,,,
570,宅地(土地),13120,東京都,練馬区,南田中,65000000,,195,,,,住宅,第１種低層住居専用地域,50,100,2020年第１四半期,,住宅地,ほぼ長方形,11.0,南東,道路,2.7,,1100000,330000,
571,宅地(土地と建物),13120,東京都,練馬区,南田中,37000000,,55,平成2年,木造,住宅,住宅,第１種低層住居専用地域,50,100,2020年第１四半期,,住宅地,ほぼ台形,5.5,北西,私道,4.0,60,,,
572,中古マンション等,13120,東京都,練馬区,南田中,6300000,１Ｋ,15,平成3年,ＲＣ,,住宅,準住居地域,60,300,2020年第１四半期,未改装,,,,,,,,,,
573,中古マンション等,13120,東京都,練馬区,三原台,41000000,３ＬＤＫ,65,平成12年,ＲＣ,住宅,住宅,準工業地域,60,200,2020年第２四半期,改装済,,,,,,,,,,
574,宅地(土地),13120,東京都,練馬区,三原台,42000000,,140,,,,住宅,第１種低層住居専用地域,50,100,2020年第２四半期,,住宅地,長方形,9.9,南東,区道,4.5,,980000,290000,
575,宅地(土地と建物),13120,東京都,練馬区,三原台,51000000,,95,令和2年,木造,住宅,住宅,第１種低層住居専用地域,50,100,2020年第１四半期,,住宅地,ほぼ長方形,8.5,北西,道路,4.0,95,,,私道を含む取引
576,宅地(土地と建物),13120,東京都,練馬区,三原台,19000000,,50,昭和40年,木造,住宅,住宅,第１種低層住居専用地域,50,100,2020年第１四半期,,住宅地,ほぼ長方形,,接面道路無,,,60,,,
577,宅地(土地と建物),13120,東京都,練馬区,三原台,46000000,,110,平成11年,木造,住宅,住宅,第１種低層住居専用地域,50,100,2020年第１四半期,,住宅地,ほぼ正方形,10.1,南,区道,5.0,110,,,
578,宅地(土地と建物),13120,東京都,練馬区,三原台,17000000,,60,平成19年,木造,住宅,住宅,第１種低層住居専用地域,50,100,2020年第１四半期,,住宅地,ほぼ整形,6.9,北,道路,4.0,60,,,
579,宅地(土地と建物),13120,東京都,練馬区,三原台,42000000,,75,平成13年,木造,住宅,住宅,第１種低層住居専用地域,50,100,2020年第２四半期,,住宅地,ほぼ正方形,6.7,西,区道,4.0,75,,,
580,宅地(土地と建物),13120,東京都,練馬区,三原台,37000000,,145,昭和38年,木造,住宅,住宅,第１種低層住居専用地域,50,100,2020年第１四半期,,住宅地,ほぼ正方形,11.0,南,区道,4.0,55,,,
581,宅地(土地と建物),13120,東京都,練馬区,谷原,390000000,,750,昭和53年,鉄骨造、ブロック造,店舗,店舗,準住居地域,60,300,2020年第１四半期,,商業地,台形,35.0,南,都道,30.0,300,,,
582,宅地(土地と建物),13120,東京都,練馬区,谷原,51000000,,110,平成31年,木造,住宅,住宅,第１種低層住居専用地域,50,100,2020年第２四半期,,住宅地,長方形,8.0,北,区道,6.0,105,,,
583,宅地(土地),13120,東京都,練馬区,谷原,63000000,,165,,,,住宅,第１種低層住居専用地域,50,100,2020年第２四半期,,住宅地,不整形,15.4,西,区道,5.0,,1200000,380000,
584,宅地(土地),13120,東京都,練馬区,谷原,35000000,,85,,,,住宅,第１種低層住居専用地域,50,100,2020年第１四半期,,住宅地,ほぼ長方形,7.5,南,区道,4.0,,1400000,420000,
585,宅地(土地と建物),13120,東京都,練馬区,谷原,45000000,,90,平成31年,木造,住宅,住宅,第１種低層住居専用地域,50,100,2020年第１四半期,,住宅地,長方形,,南,区道,5.0,90,,,
586,宅地(土地と建物),13120,東京都,練馬区,谷原,56000000,,110,平成31年,木造,住宅,住宅,第１種低層住居専用地域,50,100,2020年第２四半期,,住宅地,ほぼ長方形,9.1,西,区画街路,5.0,105,,,
587,宅地(土地と建物),13120,東京都,練馬区,谷原,55000000,,110,平成31年,木造,住宅,住宅,第１種低層住居専用地域,50,100,2020年第１四半期,,住宅地,ほぼ長方形,9.1,東,道路,5.0,100,,,
588,宅地(土地と建物),13120,東京都,練馬区,谷原,49000000,,105,平成31年,木造,住宅,住宅,第１種低層住居専用地域,50,100,2020年第１四半期,,住宅地,袋地等,3.5,西,道路,5.0,95,,,
589,宅地(土地と建物),13120,東京都,練馬区,谷原,53000000,,110,平成31年,木造,住宅,住宅,第１種低層住居専用地域,50,100,2020年第１四半期,,住宅地,ほぼ長方形,8.0,西,区道,6.0,100,,,
